label,family,total_pnl,emeralds_pnl,tomatoes_pnl,own_trade_count,overrides_json
spread_plus_small,designed,14438.0,7403.0,7035.0,722,"{""ALPHA_EDGE_SCALE"": 1.06, ""ALPHA_IMBALANCE_SCALE"": 1.16, ""ALPHA_THRESHOLD_SCALE"": 1.03, ""BASE_QUOTE_EDGE"": 2.75, ""BASE_TAKE_EDGE"": 1.25, ""FIT_THRESHOLD"": 0.45, ""GAMMA_RANGE"": 0.34, ""GAMMA_TREND"": 0.1, ""GAMMA_VOLATILE"": 0.4, ""HISTORY_WEIGHT"": 0.25, ""HOLD_TIME_COEF"": 0.08, ""HOLD_VOL_COEF"": 0.0, ""IMBALANCE_WEIGHT"": 0.35, ""INVENTORY_SKEW"": 0.035, ""MAX_QUOTE_EDGE"": 5.0, ""MAX_TAKE_SIZE"": 10, ""MICRO_WEIGHT"": 0.3, ""MID_WEIGHT"": 0.25, ""PASSIVE_SIZE"": 8, ""POSITION_BIAS_DIVISOR"": 12.0, ""RANGE_RESERVATION_BIAS"": 0.2, ""REGRESSION_HORIZON"": 2.0, ""REGRESSION_WEIGHT"": 0.2, ""REGRESSION_WINDOW"": 8, ""RESERVATION_SCALE"": 0.12, ""RESIDUAL_REVERT_WEIGHT"": 0.12, ""SOFT_LIMIT_RATIO"": 0.65, ""SPREAD_INV_COEF"": 0.42, ""SPREAD_TIME_COEF"": 0.9, ""SPREAD_VOL_COEF"": 0.9, ""STRONG_TREND_EDGE"": 2.5, ""STRONG_TREND_HOLD_EXIT_BONUS"": 0.9, ""TIME_HORIZON_TICKS"": 10000.0, ""TOXIC_SPREAD_THRESHOLD"": 15.0, ""TOXIC_VOLATILITY_THRESHOLD"": 3.2, ""TREND_BUY_TAKE_EXTRA"": 0.08, ""TREND_EDGE_THRESHOLD"": 1.0, ""TREND_ENTRY_TAKE_BONUS"": 3.0, ""TREND_FAIR_BONUS"": 0.25, ""TREND_HOLD_EXIT_BONUS"": 0.55, ""TREND_IMBALANCE_THRESHOLD"": 0.12, ""TREND_PASSIVE_PUSH"": 0.0, ""TREND_PASSIVE_SIZE_BONUS"": 2.0, ""TREND_QUOTE_LIFT_EXTRA"": 1.0, ""TREND_RESERVATION_BIAS"": 0.04, ""TREND_SELL_HOLD_EXTRA"": 0.24, ""VOL_CONTROL_WINDOW"": 8}"
plateau_random_013,random,14438.0,7403.0,7035.0,722,"{""ALPHA_EDGE_SCALE"": 1.06, ""ALPHA_IMBALANCE_SCALE"": 1.12, ""ALPHA_THRESHOLD_SCALE"": 1.06, ""BASE_QUOTE_EDGE"": 2.55, ""BASE_TAKE_EDGE"": 1.25, ""FIT_THRESHOLD"": 0.45, ""GAMMA_RANGE"": 0.34, ""GAMMA_TREND"": 0.1, ""GAMMA_VOLATILE"": 0.4, ""HISTORY_WEIGHT"": 0.25, ""HOLD_TIME_COEF"": 0.08, ""HOLD_VOL_COEF"": 0.0, ""IMBALANCE_WEIGHT"": 0.35, ""INVENTORY_SKEW"": 0.035, ""MAX_QUOTE_EDGE"": 5.0, ""MAX_TAKE_SIZE"": 10, ""MICRO_WEIGHT"": 0.3, ""MID_WEIGHT"": 0.25, ""PASSIVE_SIZE"": 8, ""POSITION_BIAS_DIVISOR"": 12.0, ""RANGE_RESERVATION_BIAS"": 0.2, ""REGRESSION_HORIZON"": 2.0, ""REGRESSION_WEIGHT"": 0.2, ""REGRESSION_WINDOW"": 8, ""RESERVATION_SCALE"": 0.12, ""RESIDUAL_REVERT_WEIGHT"": 0.12, ""SOFT_LIMIT_RATIO"": 0.65, ""SPREAD_INV_COEF"": 0.46, ""SPREAD_TIME_COEF"": 0.98, ""SPREAD_VOL_COEF"": 1.0, ""STRONG_TREND_EDGE"": 2.5, ""STRONG_TREND_HOLD_EXIT_BONUS"": 0.9, ""TIME_HORIZON_TICKS"": 10000.0, ""TOXIC_SPREAD_THRESHOLD"": 15.0, ""TOXIC_VOLATILITY_THRESHOLD"": 3.2, ""TREND_BUY_TAKE_EXTRA"": 0.12, ""TREND_EDGE_THRESHOLD"": 1.0, ""TREND_ENTRY_TAKE_BONUS"": 3.0, ""TREND_FAIR_BONUS"": 0.25, ""TREND_HOLD_EXIT_BONUS"": 0.55, ""TREND_IMBALANCE_THRESHOLD"": 0.12, ""TREND_PASSIVE_PUSH"": 0.0, ""TREND_PASSIVE_SIZE_BONUS"": 2.0, ""TREND_QUOTE_LIFT_EXTRA"": 1.0, ""TREND_RESERVATION_BIAS"": 0.04, ""TREND_SELL_HOLD_EXTRA"": 0.32, ""VOL_CONTROL_WINDOW"": 8}"
plateau_random_076,random,14438.0,7403.0,7035.0,722,"{""ALPHA_EDGE_SCALE"": 1.06, ""ALPHA_IMBALANCE_SCALE"": 1.2, ""ALPHA_THRESHOLD_SCALE"": 1.06, ""BASE_QUOTE_EDGE"": 2.75, ""BASE_TAKE_EDGE"": 1.2, ""FIT_THRESHOLD"": 0.45, ""GAMMA_RANGE"": 0.34, ""GAMMA_TREND"": 0.1, ""GAMMA_VOLATILE"": 0.4, ""HISTORY_WEIGHT"": 0.25, ""HOLD_TIME_COEF"": 0.12, ""HOLD_VOL_COEF"": 0.0, ""IMBALANCE_WEIGHT"": 0.35, ""INVENTORY_SKEW"": 0.035, ""MAX_QUOTE_EDGE"": 5.0, ""MAX_TAKE_SIZE"": 10, ""MICRO_WEIGHT"": 0.3, ""MID_WEIGHT"": 0.25, ""PASSIVE_SIZE"": 8, ""POSITION_BIAS_DIVISOR"": 12.0, ""RANGE_RESERVATION_BIAS"": 0.2, ""REGRESSION_HORIZON"": 2.0, ""REGRESSION_WEIGHT"": 0.2, ""REGRESSION_WINDOW"": 8, ""RESERVATION_SCALE"": 0.12, ""RESIDUAL_REVERT_WEIGHT"": 0.12, ""SOFT_LIMIT_RATIO"": 0.65, ""SPREAD_INV_COEF"": 0.46, ""SPREAD_TIME_COEF"": 0.98, ""SPREAD_VOL_COEF"": 1.0, ""STRONG_TREND_EDGE"": 2.5, ""STRONG_TREND_HOLD_EXIT_BONUS"": 0.9, ""TIME_HORIZON_TICKS"": 10000.0, ""TOXIC_SPREAD_THRESHOLD"": 15.0, ""TOXIC_VOLATILITY_THRESHOLD"": 3.2, ""TREND_BUY_TAKE_EXTRA"": 0.08, ""TREND_EDGE_THRESHOLD"": 1.0, ""TREND_ENTRY_TAKE_BONUS"": 3.0, ""TREND_FAIR_BONUS"": 0.25, ""TREND_HOLD_EXIT_BONUS"": 0.55, ""TREND_IMBALANCE_THRESHOLD"": 0.12, ""TREND_PASSIVE_PUSH"": 0.0, ""TREND_PASSIVE_SIZE_BONUS"": 2.0, ""TREND_QUOTE_LIFT_EXTRA"": 2.0, ""TREND_RESERVATION_BIAS"": 0.04, ""TREND_SELL_HOLD_EXTRA"": 0.32, ""VOL_CONTROL_WINDOW"": 8}"
plateau_random_033,random,14435.0,7403.0,7032.0,722,"{""ALPHA_EDGE_SCALE"": 1.1, ""ALPHA_IMBALANCE_SCALE"": 1.24, ""ALPHA_THRESHOLD_SCALE"": 1.03, ""BASE_QUOTE_EDGE"": 2.6, ""BASE_TAKE_EDGE"": 1.3, ""FIT_THRESHOLD"": 0.45, ""GAMMA_RANGE"": 0.34, ""GAMMA_TREND"": 0.1, ""GAMMA_VOLATILE"": 0.4, ""HISTORY_WEIGHT"": 0.25, ""HOLD_TIME_COEF"": 0.04, ""HOLD_VOL_COEF"": 0.0, ""IMBALANCE_WEIGHT"": 0.35, ""INVENTORY_SKEW"": 0.035, ""MAX_QUOTE_EDGE"": 5.0, ""MAX_TAKE_SIZE"": 10, ""MICRO_WEIGHT"": 0.3, ""MID_WEIGHT"": 0.25, ""PASSIVE_SIZE"": 8, ""POSITION_BIAS_DIVISOR"": 12.0, ""RANGE_RESERVATION_BIAS"": 0.2, ""REGRESSION_HORIZON"": 2.0, ""REGRESSION_WEIGHT"": 0.2, ""REGRESSION_WINDOW"": 8, ""RESERVATION_SCALE"": 0.12, ""RESIDUAL_REVERT_WEIGHT"": 0.12, ""SOFT_LIMIT_RATIO"": 0.65, ""SPREAD_INV_COEF"": 0.42, ""SPREAD_TIME_COEF"": 0.82, ""SPREAD_VOL_COEF"": 1.0, ""STRONG_TREND_EDGE"": 2.5, ""STRONG_TREND_HOLD_EXIT_BONUS"": 0.9, ""TIME_HORIZON_TICKS"": 10000.0, ""TOXIC_SPREAD_THRESHOLD"": 15.0, ""TOXIC_VOLATILITY_THRESHOLD"": 3.2, ""TREND_BUY_TAKE_EXTRA"": 0.04, ""TREND_EDGE_THRESHOLD"": 1.0, ""TREND_ENTRY_TAKE_BONUS"": 3.0, ""TREND_FAIR_BONUS"": 0.25, ""TREND_HOLD_EXIT_BONUS"": 0.55, ""TREND_IMBALANCE_THRESHOLD"": 0.12, ""TREND_PASSIVE_PUSH"": 0.0, ""TREND_PASSIVE_SIZE_BONUS"": 2.0, ""TREND_QUOTE_LIFT_EXTRA"": 2.0, ""TREND_RESERVATION_BIAS"": 0.04, ""TREND_SELL_HOLD_EXTRA"": 0.28, ""VOL_CONTROL_WINDOW"": 8}"
plateau_random_017,random,14433.0,7403.0,7030.0,722,"{""ALPHA_EDGE_SCALE"": 1.04, ""ALPHA_IMBALANCE_SCALE"": 1.24, ""ALPHA_THRESHOLD_SCALE"": 1.03, ""BASE_QUOTE_EDGE"": 2.55, ""BASE_TAKE_EDGE"": 1.3, ""FIT_THRESHOLD"": 0.45, ""GAMMA_RANGE"": 0.34, ""GAMMA_TREND"": 0.1, ""GAMMA_VOLATILE"": 0.4, ""HISTORY_WEIGHT"": 0.25, ""HOLD_TIME_COEF"": 0.12, ""HOLD_VOL_COEF"": 0.0, ""IMBALANCE_WEIGHT"": 0.35, ""INVENTORY_SKEW"": 0.035, ""MAX_QUOTE_EDGE"": 5.0, ""MAX_TAKE_SIZE"": 10, ""MICRO_WEIGHT"": 0.3, ""MID_WEIGHT"": 0.25, ""PASSIVE_SIZE"": 8, ""POSITION_BIAS_DIVISOR"": 12.0, ""RANGE_RESERVATION_BIAS"": 0.24, ""REGRESSION_HORIZON"": 2.0, ""REGRESSION_WEIGHT"": 0.2, ""REGRESSION_WINDOW"": 8, ""RESERVATION_SCALE"": 0.12, ""RESIDUAL_REVERT_WEIGHT"": 0.12, ""SOFT_LIMIT_RATIO"": 0.65, ""SPREAD_INV_COEF"": 0.42, ""SPREAD_TIME_COEF"": 0.98, ""SPREAD_VOL_COEF"": 0.84, ""STRONG_TREND_EDGE"": 2.5, ""STRONG_TREND_HOLD_EXIT_BONUS"": 0.9, ""TIME_HORIZON_TICKS"": 10000.0, ""TOXIC_SPREAD_THRESHOLD"": 15.0, ""TOXIC_VOLATILITY_THRESHOLD"": 3.2, ""TREND_BUY_TAKE_EXTRA"": 0.12, ""TREND_EDGE_THRESHOLD"": 1.0, ""TREND_ENTRY_TAKE_BONUS"": 3.0, ""TREND_FAIR_BONUS"": 0.25, ""TREND_HOLD_EXIT_BONUS"": 0.55, ""TREND_IMBALANCE_THRESHOLD"": 0.12, ""TREND_PASSIVE_PUSH"": 0.0, ""TREND_PASSIVE_SIZE_BONUS"": 2.0, ""TREND_QUOTE_LIFT_EXTRA"": 1.0, ""TREND_RESERVATION_BIAS"": 0.04, ""TREND_SELL_HOLD_EXTRA"": 0.28, ""VOL_CONTROL_WINDOW"": 8}"
baseline_v29_1a,baseline,14430.0,7403.0,7027.0,722,"{""ALPHA_EDGE_SCALE"": 1.06, ""ALPHA_IMBALANCE_SCALE"": 1.16, ""ALPHA_THRESHOLD_SCALE"": 1.03, ""BASE_QUOTE_EDGE"": 2.65, ""BASE_TAKE_EDGE"": 1.25, ""FIT_THRESHOLD"": 0.45, ""GAMMA_RANGE"": 0.34, ""GAMMA_TREND"": 0.1, ""GAMMA_VOLATILE"": 0.4, ""HISTORY_WEIGHT"": 0.25, ""HOLD_TIME_COEF"": 0.08, ""HOLD_VOL_COEF"": 0.0, ""IMBALANCE_WEIGHT"": 0.35, ""INVENTORY_SKEW"": 0.035, ""MAX_QUOTE_EDGE"": 5.0, ""MAX_TAKE_SIZE"": 10, ""MICRO_WEIGHT"": 0.3, ""MID_WEIGHT"": 0.25, ""PASSIVE_SIZE"": 8, ""POSITION_BIAS_DIVISOR"": 12.0, ""RANGE_RESERVATION_BIAS"": 0.2, ""REGRESSION_HORIZON"": 2.0, ""REGRESSION_WEIGHT"": 0.2, ""REGRESSION_WINDOW"": 8, ""RESERVATION_SCALE"": 0.12, ""RESIDUAL_REVERT_WEIGHT"": 0.12, ""SOFT_LIMIT_RATIO"": 0.65, ""SPREAD_INV_COEF"": 0.38, ""SPREAD_TIME_COEF"": 0.82, ""SPREAD_VOL_COEF"": 0.84, ""STRONG_TREND_EDGE"": 2.5, ""STRONG_TREND_HOLD_EXIT_BONUS"": 0.9, ""TIME_HORIZON_TICKS"": 10000.0, ""TOXIC_SPREAD_THRESHOLD"": 15.0, ""TOXIC_VOLATILITY_THRESHOLD"": 3.2, ""TREND_BUY_TAKE_EXTRA"": 0.08, ""TREND_EDGE_THRESHOLD"": 1.0, ""TREND_ENTRY_TAKE_BONUS"": 3.0, ""TREND_FAIR_BONUS"": 0.25, ""TREND_HOLD_EXIT_BONUS"": 0.55, ""TREND_IMBALANCE_THRESHOLD"": 0.12, ""TREND_PASSIVE_PUSH"": 0.0, ""TREND_PASSIVE_SIZE_BONUS"": 2.0, ""TREND_QUOTE_LIFT_EXTRA"": 1.0, ""TREND_RESERVATION_BIAS"": 0.04, ""TREND_SELL_HOLD_EXTRA"": 0.24, ""VOL_CONTROL_WINDOW"": 8}"
plateau_random_015,random,14428.0,7403.0,7025.0,722,"{""ALPHA_EDGE_SCALE"": 1.04, ""ALPHA_IMBALANCE_SCALE"": 1.12, ""ALPHA_THRESHOLD_SCALE"": 1.0, ""BASE_QUOTE_EDGE"": 2.55, ""BASE_TAKE_EDGE"": 1.3, ""FIT_THRESHOLD"": 0.45, ""GAMMA_RANGE"": 0.34, ""GAMMA_TREND"": 0.1, ""GAMMA_VOLATILE"": 0.4, ""HISTORY_WEIGHT"": 0.25, ""HOLD_TIME_COEF"": 0.08, ""HOLD_VOL_COEF"": 0.0, ""IMBALANCE_WEIGHT"": 0.35, ""INVENTORY_SKEW"": 0.035, ""MAX_QUOTE_EDGE"": 5.0, ""MAX_TAKE_SIZE"": 10, ""MICRO_WEIGHT"": 0.3, ""MID_WEIGHT"": 0.25, ""PASSIVE_SIZE"": 8, ""POSITION_BIAS_DIVISOR"": 12.0, ""RANGE_RESERVATION_BIAS"": 0.24, ""REGRESSION_HORIZON"": 2.0, ""REGRESSION_WEIGHT"": 0.2, ""REGRESSION_WINDOW"": 8, ""RESERVATION_SCALE"": 0.12, ""RESIDUAL_REVERT_WEIGHT"": 0.12, ""SOFT_LIMIT_RATIO"": 0.65, ""SPREAD_INV_COEF"": 0.42, ""SPREAD_TIME_COEF"": 0.82, ""SPREAD_VOL_COEF"": 0.76, ""STRONG_TREND_EDGE"": 2.5, ""STRONG_TREND_HOLD_EXIT_BONUS"": 0.9, ""TIME_HORIZON_TICKS"": 10000.0, ""TOXIC_SPREAD_THRESHOLD"": 15.0, ""TOXIC_VOLATILITY_THRESHOLD"": 3.2, ""TREND_BUY_TAKE_EXTRA"": 0.12, ""TREND_EDGE_THRESHOLD"": 1.0, ""TREND_ENTRY_TAKE_BONUS"": 3.0, ""TREND_FAIR_BONUS"": 0.25, ""TREND_HOLD_EXIT_BONUS"": 0.55, ""TREND_IMBALANCE_THRESHOLD"": 0.12, ""TREND_PASSIVE_PUSH"": 0.0, ""TREND_PASSIVE_SIZE_BONUS"": 2.0, ""TREND_QUOTE_LIFT_EXTRA"": 2.0, ""TREND_RESERVATION_BIAS"": 0.02, ""TREND_SELL_HOLD_EXTRA"": 0.28, ""VOL_CONTROL_WINDOW"": 8}"
quote_alpha_blend,designed,14427.0,7403.0,7024.0,722,"{""ALPHA_EDGE_SCALE"": 1.08, ""ALPHA_IMBALANCE_SCALE"": 1.22, ""ALPHA_THRESHOLD_SCALE"": 1.03, ""BASE_QUOTE_EDGE"": 2.7, ""BASE_TAKE_EDGE"": 1.25, ""FIT_THRESHOLD"": 0.45, ""GAMMA_RANGE"": 0.34, ""GAMMA_TREND"": 0.1, ""GAMMA_VOLATILE"": 0.4, ""HISTORY_WEIGHT"": 0.25, ""HOLD_TIME_COEF"": 0.08, ""HOLD_VOL_COEF"": 0.0, ""IMBALANCE_WEIGHT"": 0.35, ""INVENTORY_SKEW"": 0.035, ""MAX_QUOTE_EDGE"": 5.0, ""MAX_TAKE_SIZE"": 10, ""MICRO_WEIGHT"": 0.3, ""MID_WEIGHT"": 0.25, ""PASSIVE_SIZE"": 8, ""POSITION_BIAS_DIVISOR"": 12.0, ""RANGE_RESERVATION_BIAS"": 0.2, ""REGRESSION_HORIZON"": 2.0, ""REGRESSION_WEIGHT"": 0.2, ""REGRESSION_WINDOW"": 8, ""RESERVATION_SCALE"": 0.12, ""RESIDUAL_REVERT_WEIGHT"": 0.12, ""SOFT_LIMIT_RATIO"": 0.65, ""SPREAD_INV_COEF"": 0.38, ""SPREAD_TIME_COEF"": 0.82, ""SPREAD_VOL_COEF"": 0.84, ""STRONG_TREND_EDGE"": 2.5, ""STRONG_TREND_HOLD_EXIT_BONUS"": 0.9, ""TIME_HORIZON_TICKS"": 10000.0, ""TOXIC_SPREAD_THRESHOLD"": 15.0, ""TOXIC_VOLATILITY_THRESHOLD"": 3.2, ""TREND_BUY_TAKE_EXTRA"": 0.08, ""TREND_EDGE_THRESHOLD"": 1.0, ""TREND_ENTRY_TAKE_BONUS"": 3.0, ""TREND_FAIR_BONUS"": 0.25, ""TREND_HOLD_EXIT_BONUS"": 0.55, ""TREND_IMBALANCE_THRESHOLD"": 0.12, ""TREND_PASSIVE_PUSH"": 0.0, ""TREND_PASSIVE_SIZE_BONUS"": 2.0, ""TREND_QUOTE_LIFT_EXTRA"": 2.0, ""TREND_RESERVATION_BIAS"": 0.04, ""TREND_SELL_HOLD_EXTRA"": 0.24, ""VOL_CONTROL_WINDOW"": 8}"
plateau_random_088,random,14425.0,7403.0,7022.0,722,"{""ALPHA_EDGE_SCALE"": 1.1, ""ALPHA_IMBALANCE_SCALE"": 1.12, ""ALPHA_THRESHOLD_SCALE"": 1.06, ""BASE_QUOTE_EDGE"": 2.8, ""BASE_TAKE_EDGE"": 1.2, ""FIT_THRESHOLD"": 0.45, ""GAMMA_RANGE"": 0.34, ""GAMMA_TREND"": 0.1, ""GAMMA_VOLATILE"": 0.4, ""HISTORY_WEIGHT"": 0.25, ""HOLD_TIME_COEF"": 0.12, ""HOLD_VOL_COEF"": 0.0, ""IMBALANCE_WEIGHT"": 0.35, ""INVENTORY_SKEW"": 0.035, ""MAX_QUOTE_EDGE"": 5.0, ""MAX_TAKE_SIZE"": 10, ""MICRO_WEIGHT"": 0.3, ""MID_WEIGHT"": 0.25, ""PASSIVE_SIZE"": 8, ""POSITION_BIAS_DIVISOR"": 12.0, ""RANGE_RESERVATION_BIAS"": 0.16, ""REGRESSION_HORIZON"": 2.0, ""REGRESSION_WEIGHT"": 0.2, ""REGRESSION_WINDOW"": 8, ""RESERVATION_SCALE"": 0.14, ""RESIDUAL_REVERT_WEIGHT"": 0.12, ""SOFT_LIMIT_RATIO"": 0.65, ""SPREAD_INV_COEF"": 0.38, ""SPREAD_TIME_COEF"": 0.9, ""SPREAD_VOL_COEF"": 1.0, ""STRONG_TREND_EDGE"": 2.5, ""STRONG_TREND_HOLD_EXIT_BONUS"": 0.9, ""TIME_HORIZON_TICKS"": 10000.0, ""TOXIC_SPREAD_THRESHOLD"": 15.0, ""TOXIC_VOLATILITY_THRESHOLD"": 3.2, ""TREND_BUY_TAKE_EXTRA"": 0.08, ""TREND_EDGE_THRESHOLD"": 1.0, ""TREND_ENTRY_TAKE_BONUS"": 3.0, ""TREND_FAIR_BONUS"": 0.25, ""TREND_HOLD_EXIT_BONUS"": 0.55, ""TREND_IMBALANCE_THRESHOLD"": 0.12, ""TREND_PASSIVE_PUSH"": 0.0, ""TREND_PASSIVE_SIZE_BONUS"": 2.0, ""TREND_QUOTE_LIFT_EXTRA"": 1.0, ""TREND_RESERVATION_BIAS"": 0.04, ""TREND_SELL_HOLD_EXTRA"": 0.24, ""VOL_CONTROL_WINDOW"": 8}"
plateau_random_091,random,14425.0,7403.0,7022.0,722,"{""ALPHA_EDGE_SCALE"": 1.1, ""ALPHA_IMBALANCE_SCALE"": 1.16, ""ALPHA_THRESHOLD_SCALE"": 1.03, ""BASE_QUOTE_EDGE"": 2.8, ""BASE_TAKE_EDGE"": 1.25, ""FIT_THRESHOLD"": 0.45, ""GAMMA_RANGE"": 0.34, ""GAMMA_TREND"": 0.1, ""GAMMA_VOLATILE"": 0.4, ""HISTORY_WEIGHT"": 0.25, ""HOLD_TIME_COEF"": 0.08, ""HOLD_VOL_COEF"": 0.0, ""IMBALANCE_WEIGHT"": 0.35, ""INVENTORY_SKEW"": 0.035, ""MAX_QUOTE_EDGE"": 5.0, ""MAX_TAKE_SIZE"": 10, ""MICRO_WEIGHT"": 0.3, ""MID_WEIGHT"": 0.25, ""PASSIVE_SIZE"": 8, ""POSITION_BIAS_DIVISOR"": 12.0, ""RANGE_RESERVATION_BIAS"": 0.16, ""REGRESSION_HORIZON"": 2.0, ""REGRESSION_WEIGHT"": 0.2, ""REGRESSION_WINDOW"": 8, ""RESERVATION_SCALE"": 0.14, ""RESIDUAL_REVERT_WEIGHT"": 0.12, ""SOFT_LIMIT_RATIO"": 0.65, ""SPREAD_INV_COEF"": 0.46, ""SPREAD_TIME_COEF"": 0.82, ""SPREAD_VOL_COEF"": 0.84, ""STRONG_TREND_EDGE"": 2.5, ""STRONG_TREND_HOLD_EXIT_BONUS"": 0.9, ""TIME_HORIZON_TICKS"": 10000.0, ""TOXIC_SPREAD_THRESHOLD"": 15.0, ""TOXIC_VOLATILITY_THRESHOLD"": 3.2, ""TREND_BUY_TAKE_EXTRA"": 0.08, ""TREND_EDGE_THRESHOLD"": 1.0, ""TREND_ENTRY_TAKE_BONUS"": 3.0, ""TREND_FAIR_BONUS"": 0.25, ""TREND_HOLD_EXIT_BONUS"": 0.55, ""TREND_IMBALANCE_THRESHOLD"": 0.12, ""TREND_PASSIVE_PUSH"": 0.0, ""TREND_PASSIVE_SIZE_BONUS"": 2.0, ""TREND_QUOTE_LIFT_EXTRA"": 2.0, ""TREND_RESERVATION_BIAS"": 0.02, ""TREND_SELL_HOLD_EXTRA"": 0.2, ""VOL_CONTROL_WINDOW"": 8}"
plateau_random_059,random,14417.0,7403.0,7014.0,722,"{""ALPHA_EDGE_SCALE"": 1.1, ""ALPHA_IMBALANCE_SCALE"": 1.12, ""ALPHA_THRESHOLD_SCALE"": 1.0, ""BASE_QUOTE_EDGE"": 2.7, ""BASE_TAKE_EDGE"": 1.2, ""FIT_THRESHOLD"": 0.45, ""GAMMA_RANGE"": 0.34, ""GAMMA_TREND"": 0.1, ""GAMMA_VOLATILE"": 0.4, ""HISTORY_WEIGHT"": 0.25, ""HOLD_TIME_COEF"": 0.12, ""HOLD_VOL_COEF"": 0.0, ""IMBALANCE_WEIGHT"": 0.35, ""INVENTORY_SKEW"": 0.035, ""MAX_QUOTE_EDGE"": 5.0, ""MAX_TAKE_SIZE"": 10, ""MICRO_WEIGHT"": 0.3, ""MID_WEIGHT"": 0.25, ""PASSIVE_SIZE"": 8, ""POSITION_BIAS_DIVISOR"": 12.0, ""RANGE_RESERVATION_BIAS"": 0.16, ""REGRESSION_HORIZON"": 2.0, ""REGRESSION_WEIGHT"": 0.2, ""REGRESSION_WINDOW"": 8, ""RESERVATION_SCALE"": 0.14, ""RESIDUAL_REVERT_WEIGHT"": 0.12, ""SOFT_LIMIT_RATIO"": 0.65, ""SPREAD_INV_COEF"": 0.42, ""SPREAD_TIME_COEF"": 0.9, ""SPREAD_VOL_COEF"": 0.76, ""STRONG_TREND_EDGE"": 2.5, ""STRONG_TREND_HOLD_EXIT_BONUS"": 0.9, ""TIME_HORIZON_TICKS"": 10000.0, ""TOXIC_SPREAD_THRESHOLD"": 15.0, ""TOXIC_VOLATILITY_THRESHOLD"": 3.2, ""TREND_BUY_TAKE_EXTRA"": 0.12, ""TREND_EDGE_THRESHOLD"": 1.0, ""TREND_ENTRY_TAKE_BONUS"": 3.0, ""TREND_FAIR_BONUS"": 0.25, ""TREND_HOLD_EXIT_BONUS"": 0.55, ""TREND_IMBALANCE_THRESHOLD"": 0.12, ""TREND_PASSIVE_PUSH"": 0.0, ""TREND_PASSIVE_SIZE_BONUS"": 2.0, ""TREND_QUOTE_LIFT_EXTRA"": 2.0, ""TREND_RESERVATION_BIAS"": 0.02, ""TREND_SELL_HOLD_EXTRA"": 0.24, ""VOL_CONTROL_WINDOW"": 8}"
plateau_random_065,random,14417.0,7403.0,7014.0,722,"{""ALPHA_EDGE_SCALE"": 1.08, ""ALPHA_IMBALANCE_SCALE"": 1.16, ""ALPHA_THRESHOLD_SCALE"": 1.06, ""BASE_QUOTE_EDGE"": 2.7, ""BASE_TAKE_EDGE"": 1.25, ""FIT_THRESHOLD"": 0.45, ""GAMMA_RANGE"": 0.34, ""GAMMA_TREND"": 0.1, ""GAMMA_VOLATILE"": 0.4, ""HISTORY_WEIGHT"": 0.25, ""HOLD_TIME_COEF"": 0.12, ""HOLD_VOL_COEF"": 0.0, ""IMBALANCE_WEIGHT"": 0.35, ""INVENTORY_SKEW"": 0.035, ""MAX_QUOTE_EDGE"": 5.0, ""MAX_TAKE_SIZE"": 10, ""MICRO_WEIGHT"": 0.3, ""MID_WEIGHT"": 0.25, ""PASSIVE_SIZE"": 8, ""POSITION_BIAS_DIVISOR"": 12.0, ""RANGE_RESERVATION_BIAS"": 0.16, ""REGRESSION_HORIZON"": 2.0, ""REGRESSION_WEIGHT"": 0.2, ""REGRESSION_WINDOW"": 8, ""RESERVATION_SCALE"": 0.16, ""RESIDUAL_REVERT_WEIGHT"": 0.12, ""SOFT_LIMIT_RATIO"": 0.65, ""SPREAD_INV_COEF"": 0.46, ""SPREAD_TIME_COEF"": 0.82, ""SPREAD_VOL_COEF"": 0.92, ""STRONG_TREND_EDGE"": 2.5, ""STRONG_TREND_HOLD_EXIT_BONUS"": 0.9, ""TIME_HORIZON_TICKS"": 10000.0, ""TOXIC_SPREAD_THRESHOLD"": 15.0, ""TOXIC_VOLATILITY_THRESHOLD"": 3.2, ""TREND_BUY_TAKE_EXTRA"": 0.08, ""TREND_EDGE_THRESHOLD"": 1.0, ""TREND_ENTRY_TAKE_BONUS"": 3.0, ""TREND_FAIR_BONUS"": 0.25, ""TREND_HOLD_EXIT_BONUS"": 0.55, ""TREND_IMBALANCE_THRESHOLD"": 0.12, ""TREND_PASSIVE_PUSH"": 0.0, ""TREND_PASSIVE_SIZE_BONUS"": 2.0, ""TREND_QUOTE_LIFT_EXTRA"": 0.0, ""TREND_RESERVATION_BIAS"": 0.04, ""TREND_SELL_HOLD_EXTRA"": 0.32, ""VOL_CONTROL_WINDOW"": 8}"
plateau_random_081,random,14417.0,7403.0,7014.0,722,"{""ALPHA_EDGE_SCALE"": 1.08, ""ALPHA_IMBALANCE_SCALE"": 1.16, ""ALPHA_THRESHOLD_SCALE"": 1.03, ""BASE_QUOTE_EDGE"": 2.75, ""BASE_TAKE_EDGE"": 1.3, ""FIT_THRESHOLD"": 0.45, ""GAMMA_RANGE"": 0.34, ""GAMMA_TREND"": 0.1, ""GAMMA_VOLATILE"": 0.4, ""HISTORY_WEIGHT"": 0.25, ""HOLD_TIME_COEF"": 0.04, ""HOLD_VOL_COEF"": 0.0, ""IMBALANCE_WEIGHT"": 0.35, ""INVENTORY_SKEW"": 0.035, ""MAX_QUOTE_EDGE"": 5.0, ""MAX_TAKE_SIZE"": 10, ""MICRO_WEIGHT"": 0.3, ""MID_WEIGHT"": 0.25, ""PASSIVE_SIZE"": 8, ""POSITION_BIAS_DIVISOR"": 12.0, ""RANGE_RESERVATION_BIAS"": 0.2, ""REGRESSION_HORIZON"": 2.0, ""REGRESSION_WEIGHT"": 0.2, ""REGRESSION_WINDOW"": 8, ""RESERVATION_SCALE"": 0.14, ""RESIDUAL_REVERT_WEIGHT"": 0.12, ""SOFT_LIMIT_RATIO"": 0.65, ""SPREAD_INV_COEF"": 0.42, ""SPREAD_TIME_COEF"": 0.82, ""SPREAD_VOL_COEF"": 0.84, ""STRONG_TREND_EDGE"": 2.5, ""STRONG_TREND_HOLD_EXIT_BONUS"": 0.9, ""TIME_HORIZON_TICKS"": 10000.0, ""TOXIC_SPREAD_THRESHOLD"": 15.0, ""TOXIC_VOLATILITY_THRESHOLD"": 3.2, ""TREND_BUY_TAKE_EXTRA"": 0.12, ""TREND_EDGE_THRESHOLD"": 1.0, ""TREND_ENTRY_TAKE_BONUS"": 3.0, ""TREND_FAIR_BONUS"": 0.25, ""TREND_HOLD_EXIT_BONUS"": 0.55, ""TREND_IMBALANCE_THRESHOLD"": 0.12, ""TREND_PASSIVE_PUSH"": 0.0, ""TREND_PASSIVE_SIZE_BONUS"": 2.0, ""TREND_QUOTE_LIFT_EXTRA"": 1.0, ""TREND_RESERVATION_BIAS"": 0.06, ""TREND_SELL_HOLD_EXTRA"": 0.2, ""VOL_CONTROL_WINDOW"": 8}"
plateau_random_092,random,14417.0,7403.0,7014.0,722,"{""ALPHA_EDGE_SCALE"": 1.08, ""ALPHA_IMBALANCE_SCALE"": 1.2, ""ALPHA_THRESHOLD_SCALE"": 1.03, ""BASE_QUOTE_EDGE"": 2.8, ""BASE_TAKE_EDGE"": 1.25, ""FIT_THRESHOLD"": 0.45, ""GAMMA_RANGE"": 0.34, ""GAMMA_TREND"": 0.1, ""GAMMA_VOLATILE"": 0.4, ""HISTORY_WEIGHT"": 0.25, ""HOLD_TIME_COEF"": 0.04, ""HOLD_VOL_COEF"": 0.0, ""IMBALANCE_WEIGHT"": 0.35, ""INVENTORY_SKEW"": 0.035, ""MAX_QUOTE_EDGE"": 5.0, ""MAX_TAKE_SIZE"": 10, ""MICRO_WEIGHT"": 0.3, ""MID_WEIGHT"": 0.25, ""PASSIVE_SIZE"": 8, ""POSITION_BIAS_DIVISOR"": 12.0, ""RANGE_RESERVATION_BIAS"": 0.16, ""REGRESSION_HORIZON"": 2.0, ""REGRESSION_WEIGHT"": 0.2, ""REGRESSION_WINDOW"": 8, ""RESERVATION_SCALE"": 0.16, ""RESIDUAL_REVERT_WEIGHT"": 0.12, ""SOFT_LIMIT_RATIO"": 0.65, ""SPREAD_INV_COEF"": 0.42, ""SPREAD_TIME_COEF"": 0.9, ""SPREAD_VOL_COEF"": 0.92, ""STRONG_TREND_EDGE"": 2.5, ""STRONG_TREND_HOLD_EXIT_BONUS"": 0.9, ""TIME_HORIZON_TICKS"": 10000.0, ""TOXIC_SPREAD_THRESHOLD"": 15.0, ""TOXIC_VOLATILITY_THRESHOLD"": 3.2, ""TREND_BUY_TAKE_EXTRA"": 0.12, ""TREND_EDGE_THRESHOLD"": 1.0, ""TREND_ENTRY_TAKE_BONUS"": 3.0, ""TREND_FAIR_BONUS"": 0.25, ""TREND_HOLD_EXIT_BONUS"": 0.55, ""TREND_IMBALANCE_THRESHOLD"": 0.12, ""TREND_PASSIVE_PUSH"": 0.0, ""TREND_PASSIVE_SIZE_BONUS"": 2.0, ""TREND_QUOTE_LIFT_EXTRA"": 2.0, ""TREND_RESERVATION_BIAS"": 0.06, ""TREND_SELL_HOLD_EXTRA"": 0.28, ""VOL_CONTROL_WINDOW"": 8}"
plateau_random_083,random,14416.0,7403.0,7013.0,722,"{""ALPHA_EDGE_SCALE"": 1.04, ""ALPHA_IMBALANCE_SCALE"": 1.16, ""ALPHA_THRESHOLD_SCALE"": 1.06, ""BASE_QUOTE_EDGE"": 2.75, ""BASE_TAKE_EDGE"": 1.3, ""FIT_THRESHOLD"": 0.45, ""GAMMA_RANGE"": 0.34, ""GAMMA_TREND"": 0.1, ""GAMMA_VOLATILE"": 0.4, ""HISTORY_WEIGHT"": 0.25, ""HOLD_TIME_COEF"": 0.04, ""HOLD_VOL_COEF"": 0.0, ""IMBALANCE_WEIGHT"": 0.35, ""INVENTORY_SKEW"": 0.035, ""MAX_QUOTE_EDGE"": 5.0, ""MAX_TAKE_SIZE"": 10, ""MICRO_WEIGHT"": 0.3, ""MID_WEIGHT"": 0.25, ""PASSIVE_SIZE"": 8, ""POSITION_BIAS_DIVISOR"": 12.0, ""RANGE_RESERVATION_BIAS"": 0.2, ""REGRESSION_HORIZON"": 2.0, ""REGRESSION_WEIGHT"": 0.2, ""REGRESSION_WINDOW"": 8, ""RESERVATION_SCALE"": 0.14, ""RESIDUAL_REVERT_WEIGHT"": 0.12, ""SOFT_LIMIT_RATIO"": 0.65, ""SPREAD_INV_COEF"": 0.46, ""SPREAD_TIME_COEF"": 0.82, ""SPREAD_VOL_COEF"": 0.92, ""STRONG_TREND_EDGE"": 2.5, ""STRONG_TREND_HOLD_EXIT_BONUS"": 0.9, ""TIME_HORIZON_TICKS"": 10000.0, ""TOXIC_SPREAD_THRESHOLD"": 15.0, ""TOXIC_VOLATILITY_THRESHOLD"": 3.2, ""TREND_BUY_TAKE_EXTRA"": 0.04, ""TREND_EDGE_THRESHOLD"": 1.0, ""TREND_ENTRY_TAKE_BONUS"": 3.0, ""TREND_FAIR_BONUS"": 0.25, ""TREND_HOLD_EXIT_BONUS"": 0.55, ""TREND_IMBALANCE_THRESHOLD"": 0.12, ""TREND_PASSIVE_PUSH"": 0.0, ""TREND_PASSIVE_SIZE_BONUS"": 2.0, ""TREND_QUOTE_LIFT_EXTRA"": 0.0, ""TREND_RESERVATION_BIAS"": 0.06, ""TREND_SELL_HOLD_EXTRA"": 0.24, ""VOL_CONTROL_WINDOW"": 8}"
reservation_tight,designed,14413.0,7403.0,7010.0,722,"{""ALPHA_EDGE_SCALE"": 1.06, ""ALPHA_IMBALANCE_SCALE"": 1.16, ""ALPHA_THRESHOLD_SCALE"": 1.03, ""BASE_QUOTE_EDGE"": 2.65, ""BASE_TAKE_EDGE"": 1.2, ""FIT_THRESHOLD"": 0.45, ""GAMMA_RANGE"": 0.34, ""GAMMA_TREND"": 0.1, ""GAMMA_VOLATILE"": 0.4, ""HISTORY_WEIGHT"": 0.25, ""HOLD_TIME_COEF"": 0.08, ""HOLD_VOL_COEF"": 0.0, ""IMBALANCE_WEIGHT"": 0.35, ""INVENTORY_SKEW"": 0.035, ""MAX_QUOTE_EDGE"": 5.0, ""MAX_TAKE_SIZE"": 10, ""MICRO_WEIGHT"": 0.3, ""MID_WEIGHT"": 0.25, ""PASSIVE_SIZE"": 8, ""POSITION_BIAS_DIVISOR"": 12.0, ""RANGE_RESERVATION_BIAS"": 0.18, ""REGRESSION_HORIZON"": 2.0, ""REGRESSION_WEIGHT"": 0.2, ""REGRESSION_WINDOW"": 8, ""RESERVATION_SCALE"": 0.14, ""RESIDUAL_REVERT_WEIGHT"": 0.12, ""SOFT_LIMIT_RATIO"": 0.65, ""SPREAD_INV_COEF"": 0.38, ""SPREAD_TIME_COEF"": 0.82, ""SPREAD_VOL_COEF"": 0.84, ""STRONG_TREND_EDGE"": 2.5, ""STRONG_TREND_HOLD_EXIT_BONUS"": 0.9, ""TIME_HORIZON_TICKS"": 10000.0, ""TOXIC_SPREAD_THRESHOLD"": 15.0, ""TOXIC_VOLATILITY_THRESHOLD"": 3.2, ""TREND_BUY_TAKE_EXTRA"": 0.08, ""TREND_EDGE_THRESHOLD"": 1.0, ""TREND_ENTRY_TAKE_BONUS"": 3.0, ""TREND_FAIR_BONUS"": 0.25, ""TREND_HOLD_EXIT_BONUS"": 0.55, ""TREND_IMBALANCE_THRESHOLD"": 0.12, ""TREND_PASSIVE_PUSH"": 0.0, ""TREND_PASSIVE_SIZE_BONUS"": 2.0, ""TREND_QUOTE_LIFT_EXTRA"": 1.0, ""TREND_RESERVATION_BIAS"": 0.06, ""TREND_SELL_HOLD_EXTRA"": 0.24, ""VOL_CONTROL_WINDOW"": 8}"
plateau_random_032,random,14409.0,7403.0,7006.0,722,"{""ALPHA_EDGE_SCALE"": 1.1, ""ALPHA_IMBALANCE_SCALE"": 1.12, ""ALPHA_THRESHOLD_SCALE"": 1.03, ""BASE_QUOTE_EDGE"": 2.6, ""BASE_TAKE_EDGE"": 1.3, ""FIT_THRESHOLD"": 0.45, ""GAMMA_RANGE"": 0.34, ""GAMMA_TREND"": 0.1, ""GAMMA_VOLATILE"": 0.4, ""HISTORY_WEIGHT"": 0.25, ""HOLD_TIME_COEF"": 0.04, ""HOLD_VOL_COEF"": 0.0, ""IMBALANCE_WEIGHT"": 0.35, ""INVENTORY_SKEW"": 0.035, ""MAX_QUOTE_EDGE"": 5.0, ""MAX_TAKE_SIZE"": 10, ""MICRO_WEIGHT"": 0.3, ""MID_WEIGHT"": 0.25, ""PASSIVE_SIZE"": 8, ""POSITION_BIAS_DIVISOR"": 12.0, ""RANGE_RESERVATION_BIAS"": 0.16, ""REGRESSION_HORIZON"": 2.0, ""REGRESSION_WEIGHT"": 0.2, ""REGRESSION_WINDOW"": 8, ""RESERVATION_SCALE"": 0.16, ""RESIDUAL_REVERT_WEIGHT"": 0.12, ""SOFT_LIMIT_RATIO"": 0.65, ""SPREAD_INV_COEF"": 0.42, ""SPREAD_TIME_COEF"": 0.74, ""SPREAD_VOL_COEF"": 0.84, ""STRONG_TREND_EDGE"": 2.5, ""STRONG_TREND_HOLD_EXIT_BONUS"": 0.9, ""TIME_HORIZON_TICKS"": 10000.0, ""TOXIC_SPREAD_THRESHOLD"": 15.0, ""TOXIC_VOLATILITY_THRESHOLD"": 3.2, ""TREND_BUY_TAKE_EXTRA"": 0.12, ""TREND_EDGE_THRESHOLD"": 1.0, ""TREND_ENTRY_TAKE_BONUS"": 3.0, ""TREND_FAIR_BONUS"": 0.25, ""TREND_HOLD_EXIT_BONUS"": 0.55, ""TREND_IMBALANCE_THRESHOLD"": 0.12, ""TREND_PASSIVE_PUSH"": 0.0, ""TREND_PASSIVE_SIZE_BONUS"": 2.0, ""TREND_QUOTE_LIFT_EXTRA"": 2.0, ""TREND_RESERVATION_BIAS"": 0.04, ""TREND_SELL_HOLD_EXTRA"": 0.24, ""VOL_CONTROL_WINDOW"": 8}"
plateau_random_024,random,14405.0,7403.0,7002.0,722,"{""ALPHA_EDGE_SCALE"": 1.06, ""ALPHA_IMBALANCE_SCALE"": 1.16, ""ALPHA_THRESHOLD_SCALE"": 1.0, ""BASE_QUOTE_EDGE"": 2.6, ""BASE_TAKE_EDGE"": 1.2, ""FIT_THRESHOLD"": 0.45, ""GAMMA_RANGE"": 0.34, ""GAMMA_TREND"": 0.1, ""GAMMA_VOLATILE"": 0.4, ""HISTORY_WEIGHT"": 0.25, ""HOLD_TIME_COEF"": 0.12, ""HOLD_VOL_COEF"": 0.0, ""IMBALANCE_WEIGHT"": 0.35, ""INVENTORY_SKEW"": 0.035, ""MAX_QUOTE_EDGE"": 5.0, ""MAX_TAKE_SIZE"": 10, ""MICRO_WEIGHT"": 0.3, ""MID_WEIGHT"": 0.25, ""PASSIVE_SIZE"": 8, ""POSITION_BIAS_DIVISOR"": 12.0, ""RANGE_RESERVATION_BIAS"": 0.16, ""REGRESSION_HORIZON"": 2.0, ""REGRESSION_WEIGHT"": 0.2, ""REGRESSION_WINDOW"": 8, ""RESERVATION_SCALE"": 0.14, ""RESIDUAL_REVERT_WEIGHT"": 0.12, ""SOFT_LIMIT_RATIO"": 0.65, ""SPREAD_INV_COEF"": 0.34, ""SPREAD_TIME_COEF"": 0.98, ""SPREAD_VOL_COEF"": 0.84, ""STRONG_TREND_EDGE"": 2.5, ""STRONG_TREND_HOLD_EXIT_BONUS"": 0.9, ""TIME_HORIZON_TICKS"": 10000.0, ""TOXIC_SPREAD_THRESHOLD"": 15.0, ""TOXIC_VOLATILITY_THRESHOLD"": 3.2, ""TREND_BUY_TAKE_EXTRA"": 0.12, ""TREND_EDGE_THRESHOLD"": 1.0, ""TREND_ENTRY_TAKE_BONUS"": 3.0, ""TREND_FAIR_BONUS"": 0.25, ""TREND_HOLD_EXIT_BONUS"": 0.55, ""TREND_IMBALANCE_THRESHOLD"": 0.12, ""TREND_PASSIVE_PUSH"": 0.0, ""TREND_PASSIVE_SIZE_BONUS"": 2.0, ""TREND_QUOTE_LIFT_EXTRA"": 2.0, ""TREND_RESERVATION_BIAS"": 0.06, ""TREND_SELL_HOLD_EXTRA"": 0.28, ""VOL_CONTROL_WINDOW"": 8}"
plateau_random_052,random,14400.0,7403.0,6997.0,722,"{""ALPHA_EDGE_SCALE"": 1.08, ""ALPHA_IMBALANCE_SCALE"": 1.16, ""ALPHA_THRESHOLD_SCALE"": 1.06, ""BASE_QUOTE_EDGE"": 2.65, ""BASE_TAKE_EDGE"": 1.3, ""FIT_THRESHOLD"": 0.45, ""GAMMA_RANGE"": 0.34, ""GAMMA_TREND"": 0.1, ""GAMMA_VOLATILE"": 0.4, ""HISTORY_WEIGHT"": 0.25, ""HOLD_TIME_COEF"": 0.04, ""HOLD_VOL_COEF"": 0.0, ""IMBALANCE_WEIGHT"": 0.35, ""INVENTORY_SKEW"": 0.035, ""MAX_QUOTE_EDGE"": 5.0, ""MAX_TAKE_SIZE"": 10, ""MICRO_WEIGHT"": 0.3, ""MID_WEIGHT"": 0.25, ""PASSIVE_SIZE"": 8, ""POSITION_BIAS_DIVISOR"": 12.0, ""RANGE_RESERVATION_BIAS"": 0.16, ""REGRESSION_HORIZON"": 2.0, ""REGRESSION_WEIGHT"": 0.2, ""REGRESSION_WINDOW"": 8, ""RESERVATION_SCALE"": 0.16, ""RESIDUAL_REVERT_WEIGHT"": 0.12, ""SOFT_LIMIT_RATIO"": 0.65, ""SPREAD_INV_COEF"": 0.34, ""SPREAD_TIME_COEF"": 0.9, ""SPREAD_VOL_COEF"": 0.92, ""STRONG_TREND_EDGE"": 2.5, ""STRONG_TREND_HOLD_EXIT_BONUS"": 0.9, ""TIME_HORIZON_TICKS"": 10000.0, ""TOXIC_SPREAD_THRESHOLD"": 15.0, ""TOXIC_VOLATILITY_THRESHOLD"": 3.2, ""TREND_BUY_TAKE_EXTRA"": 0.12, ""TREND_EDGE_THRESHOLD"": 1.0, ""TREND_ENTRY_TAKE_BONUS"": 3.0, ""TREND_FAIR_BONUS"": 0.25, ""TREND_HOLD_EXIT_BONUS"": 0.55, ""TREND_IMBALANCE_THRESHOLD"": 0.12, ""TREND_PASSIVE_PUSH"": 0.0, ""TREND_PASSIVE_SIZE_BONUS"": 2.0, ""TREND_QUOTE_LIFT_EXTRA"": 2.0, ""TREND_RESERVATION_BIAS"": 0.04, ""TREND_SELL_HOLD_EXTRA"": 0.2, ""VOL_CONTROL_WINDOW"": 8}"
plateau_random_020,random,14398.0,7403.0,6995.0,728,"{""ALPHA_EDGE_SCALE"": 1.04, ""ALPHA_IMBALANCE_SCALE"": 1.2, ""ALPHA_THRESHOLD_SCALE"": 1.0, ""BASE_QUOTE_EDGE"": 2.6, ""BASE_TAKE_EDGE"": 1.15, ""FIT_THRESHOLD"": 0.45, ""GAMMA_RANGE"": 0.34, ""GAMMA_TREND"": 0.1, ""GAMMA_VOLATILE"": 0.4, ""HISTORY_WEIGHT"": 0.25, ""HOLD_TIME_COEF"": 0.04, ""HOLD_VOL_COEF"": 0.0, ""IMBALANCE_WEIGHT"": 0.35, ""INVENTORY_SKEW"": 0.035, ""MAX_QUOTE_EDGE"": 5.0, ""MAX_TAKE_SIZE"": 10, ""MICRO_WEIGHT"": 0.3, ""MID_WEIGHT"": 0.25, ""PASSIVE_SIZE"": 8, ""POSITION_BIAS_DIVISOR"": 12.0, ""RANGE_RESERVATION_BIAS"": 0.24, ""REGRESSION_HORIZON"": 2.0, ""REGRESSION_WEIGHT"": 0.2, ""REGRESSION_WINDOW"": 8, ""RESERVATION_SCALE"": 0.1, ""RESIDUAL_REVERT_WEIGHT"": 0.12, ""SOFT_LIMIT_RATIO"": 0.65, ""SPREAD_INV_COEF"": 0.34, ""SPREAD_TIME_COEF"": 0.98, ""SPREAD_VOL_COEF"": 0.84, ""STRONG_TREND_EDGE"": 2.5, ""STRONG_TREND_HOLD_EXIT_BONUS"": 0.9, ""TIME_HORIZON_TICKS"": 10000.0, ""TOXIC_SPREAD_THRESHOLD"": 15.0, ""TOXIC_VOLATILITY_THRESHOLD"": 3.2, ""TREND_BUY_TAKE_EXTRA"": 0.04, ""TREND_EDGE_THRESHOLD"": 1.0, ""TREND_ENTRY_TAKE_BONUS"": 3.0, ""TREND_FAIR_BONUS"": 0.25, ""TREND_HOLD_EXIT_BONUS"": 0.55, ""TREND_IMBALANCE_THRESHOLD"": 0.12, ""TREND_PASSIVE_PUSH"": 0.0, ""TREND_PASSIVE_SIZE_BONUS"": 2.0, ""TREND_QUOTE_LIFT_EXTRA"": 1.0, ""TREND_RESERVATION_BIAS"": 0.06, ""TREND_SELL_HOLD_EXTRA"": 0.2, ""VOL_CONTROL_WINDOW"": 8}"
plateau_random_026,random,14388.0,7403.0,6985.0,722,"{""ALPHA_EDGE_SCALE"": 1.06, ""ALPHA_IMBALANCE_SCALE"": 1.16, ""ALPHA_THRESHOLD_SCALE"": 1.03, ""BASE_QUOTE_EDGE"": 2.6, ""BASE_TAKE_EDGE"": 1.25, ""FIT_THRESHOLD"": 0.45, ""GAMMA_RANGE"": 0.34, ""GAMMA_TREND"": 0.1, ""GAMMA_VOLATILE"": 0.4, ""HISTORY_WEIGHT"": 0.25, ""HOLD_TIME_COEF"": 0.08, ""HOLD_VOL_COEF"": 0.0, ""IMBALANCE_WEIGHT"": 0.35, ""INVENTORY_SKEW"": 0.035, ""MAX_QUOTE_EDGE"": 5.0, ""MAX_TAKE_SIZE"": 10, ""MICRO_WEIGHT"": 0.3, ""MID_WEIGHT"": 0.25, ""PASSIVE_SIZE"": 8, ""POSITION_BIAS_DIVISOR"": 12.0, ""RANGE_RESERVATION_BIAS"": 0.16, ""REGRESSION_HORIZON"": 2.0, ""REGRESSION_WEIGHT"": 0.2, ""REGRESSION_WINDOW"": 8, ""RESERVATION_SCALE"": 0.16, ""RESIDUAL_REVERT_WEIGHT"": 0.12, ""SOFT_LIMIT_RATIO"": 0.65, ""SPREAD_INV_COEF"": 0.34, ""SPREAD_TIME_COEF"": 0.74, ""SPREAD_VOL_COEF"": 0.84, ""STRONG_TREND_EDGE"": 2.5, ""STRONG_TREND_HOLD_EXIT_BONUS"": 0.9, ""TIME_HORIZON_TICKS"": 10000.0, ""TOXIC_SPREAD_THRESHOLD"": 15.0, ""TOXIC_VOLATILITY_THRESHOLD"": 3.2, ""TREND_BUY_TAKE_EXTRA"": 0.04, ""TREND_EDGE_THRESHOLD"": 1.0, ""TREND_ENTRY_TAKE_BONUS"": 3.0, ""TREND_FAIR_BONUS"": 0.25, ""TREND_HOLD_EXIT_BONUS"": 0.55, ""TREND_IMBALANCE_THRESHOLD"": 0.12, ""TREND_PASSIVE_PUSH"": 0.0, ""TREND_PASSIVE_SIZE_BONUS"": 2.0, ""TREND_QUOTE_LIFT_EXTRA"": 1.0, ""TREND_RESERVATION_BIAS"": 0.04, ""TREND_SELL_HOLD_EXTRA"": 0.2, ""VOL_CONTROL_WINDOW"": 8}"
plateau_random_077,random,14381.0,7403.0,6978.0,722,"{""ALPHA_EDGE_SCALE"": 1.06, ""ALPHA_IMBALANCE_SCALE"": 1.16, ""ALPHA_THRESHOLD_SCALE"": 1.0, ""BASE_QUOTE_EDGE"": 2.75, ""BASE_TAKE_EDGE"": 1.25, ""FIT_THRESHOLD"": 0.45, ""GAMMA_RANGE"": 0.34, ""GAMMA_TREND"": 0.1, ""GAMMA_VOLATILE"": 0.4, ""HISTORY_WEIGHT"": 0.25, ""HOLD_TIME_COEF"": 0.12, ""HOLD_VOL_COEF"": 0.0, ""IMBALANCE_WEIGHT"": 0.35, ""INVENTORY_SKEW"": 0.035, ""MAX_QUOTE_EDGE"": 5.0, ""MAX_TAKE_SIZE"": 10, ""MICRO_WEIGHT"": 0.3, ""MID_WEIGHT"": 0.25, ""PASSIVE_SIZE"": 8, ""POSITION_BIAS_DIVISOR"": 12.0, ""RANGE_RESERVATION_BIAS"": 0.2, ""REGRESSION_HORIZON"": 2.0, ""REGRESSION_WEIGHT"": 0.2, ""REGRESSION_WINDOW"": 8, ""RESERVATION_SCALE"": 0.14, ""RESIDUAL_REVERT_WEIGHT"": 0.12, ""SOFT_LIMIT_RATIO"": 0.65, ""SPREAD_INV_COEF"": 0.34, ""SPREAD_TIME_COEF"": 0.74, ""SPREAD_VOL_COEF"": 0.76, ""STRONG_TREND_EDGE"": 2.5, ""STRONG_TREND_HOLD_EXIT_BONUS"": 0.9, ""TIME_HORIZON_TICKS"": 10000.0, ""TOXIC_SPREAD_THRESHOLD"": 15.0, ""TOXIC_VOLATILITY_THRESHOLD"": 3.2, ""TREND_BUY_TAKE_EXTRA"": 0.04, ""TREND_EDGE_THRESHOLD"": 1.0, ""TREND_ENTRY_TAKE_BONUS"": 3.0, ""TREND_FAIR_BONUS"": 0.25, ""TREND_HOLD_EXIT_BONUS"": 0.55, ""TREND_IMBALANCE_THRESHOLD"": 0.12, ""TREND_PASSIVE_PUSH"": 0.0, ""TREND_PASSIVE_SIZE_BONUS"": 2.0, ""TREND_QUOTE_LIFT_EXTRA"": 0.0, ""TREND_RESERVATION_BIAS"": 0.04, ""TREND_SELL_HOLD_EXTRA"": 0.24, ""VOL_CONTROL_WINDOW"": 8}"
plateau_random_089,random,14351.0,7403.0,6948.0,724,"{""ALPHA_EDGE_SCALE"": 1.1, ""ALPHA_IMBALANCE_SCALE"": 1.2, ""ALPHA_THRESHOLD_SCALE"": 1.0, ""BASE_QUOTE_EDGE"": 2.8, ""BASE_TAKE_EDGE"": 1.2, ""FIT_THRESHOLD"": 0.45, ""GAMMA_RANGE"": 0.34, ""GAMMA_TREND"": 0.1, ""GAMMA_VOLATILE"": 0.4, ""HISTORY_WEIGHT"": 0.25, ""HOLD_TIME_COEF"": 0.12, ""HOLD_VOL_COEF"": 0.0, ""IMBALANCE_WEIGHT"": 0.35, ""INVENTORY_SKEW"": 0.035, ""MAX_QUOTE_EDGE"": 5.0, ""MAX_TAKE_SIZE"": 10, ""MICRO_WEIGHT"": 0.3, ""MID_WEIGHT"": 0.25, ""PASSIVE_SIZE"": 8, ""POSITION_BIAS_DIVISOR"": 12.0, ""RANGE_RESERVATION_BIAS"": 0.16, ""REGRESSION_HORIZON"": 2.0, ""REGRESSION_WEIGHT"": 0.2, ""REGRESSION_WINDOW"": 8, ""RESERVATION_SCALE"": 0.16, ""RESIDUAL_REVERT_WEIGHT"": 0.12, ""SOFT_LIMIT_RATIO"": 0.65, ""SPREAD_INV_COEF"": 0.46, ""SPREAD_TIME_COEF"": 0.98, ""SPREAD_VOL_COEF"": 1.0, ""STRONG_TREND_EDGE"": 2.5, ""STRONG_TREND_HOLD_EXIT_BONUS"": 0.9, ""TIME_HORIZON_TICKS"": 10000.0, ""TOXIC_SPREAD_THRESHOLD"": 15.0, ""TOXIC_VOLATILITY_THRESHOLD"": 3.2, ""TREND_BUY_TAKE_EXTRA"": 0.04, ""TREND_EDGE_THRESHOLD"": 1.0, ""TREND_ENTRY_TAKE_BONUS"": 3.0, ""TREND_FAIR_BONUS"": 0.25, ""TREND_HOLD_EXIT_BONUS"": 0.55, ""TREND_IMBALANCE_THRESHOLD"": 0.12, ""TREND_PASSIVE_PUSH"": 0.0, ""TREND_PASSIVE_SIZE_BONUS"": 2.0, ""TREND_QUOTE_LIFT_EXTRA"": 2.0, ""TREND_RESERVATION_BIAS"": 0.04, ""TREND_SELL_HOLD_EXTRA"": 0.2, ""VOL_CONTROL_WINDOW"": 8}"
plateau_random_004,random,14324.0,7403.0,6921.0,723,"{""ALPHA_EDGE_SCALE"": 1.08, ""ALPHA_IMBALANCE_SCALE"": 1.12, ""ALPHA_THRESHOLD_SCALE"": 1.0, ""BASE_QUOTE_EDGE"": 2.55, ""BASE_TAKE_EDGE"": 1.2, ""FIT_THRESHOLD"": 0.45, ""GAMMA_RANGE"": 0.34, ""GAMMA_TREND"": 0.1, ""GAMMA_VOLATILE"": 0.4, ""HISTORY_WEIGHT"": 0.25, ""HOLD_TIME_COEF"": 0.12, ""HOLD_VOL_COEF"": 0.0, ""IMBALANCE_WEIGHT"": 0.35, ""INVENTORY_SKEW"": 0.035, ""MAX_QUOTE_EDGE"": 5.0, ""MAX_TAKE_SIZE"": 10, ""MICRO_WEIGHT"": 0.3, ""MID_WEIGHT"": 0.25, ""PASSIVE_SIZE"": 8, ""POSITION_BIAS_DIVISOR"": 12.0, ""RANGE_RESERVATION_BIAS"": 0.16, ""REGRESSION_HORIZON"": 2.0, ""REGRESSION_WEIGHT"": 0.2, ""REGRESSION_WINDOW"": 8, ""RESERVATION_SCALE"": 0.16, ""RESIDUAL_REVERT_WEIGHT"": 0.12, ""SOFT_LIMIT_RATIO"": 0.65, ""SPREAD_INV_COEF"": 0.38, ""SPREAD_TIME_COEF"": 0.82, ""SPREAD_VOL_COEF"": 0.76, ""STRONG_TREND_EDGE"": 2.5, ""STRONG_TREND_HOLD_EXIT_BONUS"": 0.9, ""TIME_HORIZON_TICKS"": 10000.0, ""TOXIC_SPREAD_THRESHOLD"": 15.0, ""TOXIC_VOLATILITY_THRESHOLD"": 3.2, ""TREND_BUY_TAKE_EXTRA"": 0.08, ""TREND_EDGE_THRESHOLD"": 1.0, ""TREND_ENTRY_TAKE_BONUS"": 3.0, ""TREND_FAIR_BONUS"": 0.25, ""TREND_HOLD_EXIT_BONUS"": 0.55, ""TREND_IMBALANCE_THRESHOLD"": 0.12, ""TREND_PASSIVE_PUSH"": 0.0, ""TREND_PASSIVE_SIZE_BONUS"": 2.0, ""TREND_QUOTE_LIFT_EXTRA"": 2.0, ""TREND_RESERVATION_BIAS"": 0.02, ""TREND_SELL_HOLD_EXTRA"": 0.32, ""VOL_CONTROL_WINDOW"": 8}"
plateau_random_037,random,14320.0,7403.0,6917.0,724,"{""ALPHA_EDGE_SCALE"": 1.08, ""ALPHA_IMBALANCE_SCALE"": 1.24, ""ALPHA_THRESHOLD_SCALE"": 1.0, ""BASE_QUOTE_EDGE"": 2.65, ""BASE_TAKE_EDGE"": 1.2, ""FIT_THRESHOLD"": 0.45, ""GAMMA_RANGE"": 0.34, ""GAMMA_TREND"": 0.1, ""GAMMA_VOLATILE"": 0.4, ""HISTORY_WEIGHT"": 0.25, ""HOLD_TIME_COEF"": 0.12, ""HOLD_VOL_COEF"": 0.0, ""IMBALANCE_WEIGHT"": 0.35, ""INVENTORY_SKEW"": 0.035, ""MAX_QUOTE_EDGE"": 5.0, ""MAX_TAKE_SIZE"": 10, ""MICRO_WEIGHT"": 0.3, ""MID_WEIGHT"": 0.25, ""PASSIVE_SIZE"": 8, ""POSITION_BIAS_DIVISOR"": 12.0, ""RANGE_RESERVATION_BIAS"": 0.16, ""REGRESSION_HORIZON"": 2.0, ""REGRESSION_WEIGHT"": 0.2, ""REGRESSION_WINDOW"": 8, ""RESERVATION_SCALE"": 0.16, ""RESIDUAL_REVERT_WEIGHT"": 0.12, ""SOFT_LIMIT_RATIO"": 0.65, ""SPREAD_INV_COEF"": 0.38, ""SPREAD_TIME_COEF"": 0.74, ""SPREAD_VOL_COEF"": 0.76, ""STRONG_TREND_EDGE"": 2.5, ""STRONG_TREND_HOLD_EXIT_BONUS"": 0.9, ""TIME_HORIZON_TICKS"": 10000.0, ""TOXIC_SPREAD_THRESHOLD"": 15.0, ""TOXIC_VOLATILITY_THRESHOLD"": 3.2, ""TREND_BUY_TAKE_EXTRA"": 0.04, ""TREND_EDGE_THRESHOLD"": 1.0, ""TREND_ENTRY_TAKE_BONUS"": 3.0, ""TREND_FAIR_BONUS"": 0.25, ""TREND_HOLD_EXIT_BONUS"": 0.55, ""TREND_IMBALANCE_THRESHOLD"": 0.12, ""TREND_PASSIVE_PUSH"": 0.0, ""TREND_PASSIVE_SIZE_BONUS"": 2.0, ""TREND_QUOTE_LIFT_EXTRA"": 2.0, ""TREND_RESERVATION_BIAS"": 0.02, ""TREND_SELL_HOLD_EXTRA"": 0.28, ""VOL_CONTROL_WINDOW"": 8}"
plateau_random_036,random,14315.0,7403.0,6912.0,723,"{""ALPHA_EDGE_SCALE"": 1.04, ""ALPHA_IMBALANCE_SCALE"": 1.2, ""ALPHA_THRESHOLD_SCALE"": 1.03, ""BASE_QUOTE_EDGE"": 2.65, ""BASE_TAKE_EDGE"": 1.2, ""FIT_THRESHOLD"": 0.45, ""GAMMA_RANGE"": 0.34, ""GAMMA_TREND"": 0.1, ""GAMMA_VOLATILE"": 0.4, ""HISTORY_WEIGHT"": 0.25, ""HOLD_TIME_COEF"": 0.12, ""HOLD_VOL_COEF"": 0.0, ""IMBALANCE_WEIGHT"": 0.35, ""INVENTORY_SKEW"": 0.035, ""MAX_QUOTE_EDGE"": 5.0, ""MAX_TAKE_SIZE"": 10, ""MICRO_WEIGHT"": 0.3, ""MID_WEIGHT"": 0.25, ""PASSIVE_SIZE"": 8, ""POSITION_BIAS_DIVISOR"": 12.0, ""RANGE_RESERVATION_BIAS"": 0.2, ""REGRESSION_HORIZON"": 2.0, ""REGRESSION_WEIGHT"": 0.2, ""REGRESSION_WINDOW"": 8, ""RESERVATION_SCALE"": 0.14, ""RESIDUAL_REVERT_WEIGHT"": 0.12, ""SOFT_LIMIT_RATIO"": 0.65, ""SPREAD_INV_COEF"": 0.34, ""SPREAD_TIME_COEF"": 0.74, ""SPREAD_VOL_COEF"": 0.76, ""STRONG_TREND_EDGE"": 2.5, ""STRONG_TREND_HOLD_EXIT_BONUS"": 0.9, ""TIME_HORIZON_TICKS"": 10000.0, ""TOXIC_SPREAD_THRESHOLD"": 15.0, ""TOXIC_VOLATILITY_THRESHOLD"": 3.2, ""TREND_BUY_TAKE_EXTRA"": 0.04, ""TREND_EDGE_THRESHOLD"": 1.0, ""TREND_ENTRY_TAKE_BONUS"": 3.0, ""TREND_FAIR_BONUS"": 0.25, ""TREND_HOLD_EXIT_BONUS"": 0.55, ""TREND_IMBALANCE_THRESHOLD"": 0.12, ""TREND_PASSIVE_PUSH"": 0.0, ""TREND_PASSIVE_SIZE_BONUS"": 2.0, ""TREND_QUOTE_LIFT_EXTRA"": 2.0, ""TREND_RESERVATION_BIAS"": 0.02, ""TREND_SELL_HOLD_EXTRA"": 0.2, ""VOL_CONTROL_WINDOW"": 8}"
plateau_random_061,random,14280.0,7403.0,6877.0,723,"{""ALPHA_EDGE_SCALE"": 1.08, ""ALPHA_IMBALANCE_SCALE"": 1.2, ""ALPHA_THRESHOLD_SCALE"": 1.0, ""BASE_QUOTE_EDGE"": 2.7, ""BASE_TAKE_EDGE"": 1.2, ""FIT_THRESHOLD"": 0.45, ""GAMMA_RANGE"": 0.34, ""GAMMA_TREND"": 0.1, ""GAMMA_VOLATILE"": 0.4, ""HISTORY_WEIGHT"": 0.25, ""HOLD_TIME_COEF"": 0.08, ""HOLD_VOL_COEF"": 0.0, ""IMBALANCE_WEIGHT"": 0.35, ""INVENTORY_SKEW"": 0.035, ""MAX_QUOTE_EDGE"": 5.0, ""MAX_TAKE_SIZE"": 10, ""MICRO_WEIGHT"": 0.3, ""MID_WEIGHT"": 0.25, ""PASSIVE_SIZE"": 8, ""POSITION_BIAS_DIVISOR"": 12.0, ""RANGE_RESERVATION_BIAS"": 0.24, ""REGRESSION_HORIZON"": 2.0, ""REGRESSION_WEIGHT"": 0.2, ""REGRESSION_WINDOW"": 8, ""RESERVATION_SCALE"": 0.1, ""RESIDUAL_REVERT_WEIGHT"": 0.12, ""SOFT_LIMIT_RATIO"": 0.65, ""SPREAD_INV_COEF"": 0.38, ""SPREAD_TIME_COEF"": 0.98, ""SPREAD_VOL_COEF"": 0.92, ""STRONG_TREND_EDGE"": 2.5, ""STRONG_TREND_HOLD_EXIT_BONUS"": 0.9, ""TIME_HORIZON_TICKS"": 10000.0, ""TOXIC_SPREAD_THRESHOLD"": 15.0, ""TOXIC_VOLATILITY_THRESHOLD"": 3.2, ""TREND_BUY_TAKE_EXTRA"": 0.08, ""TREND_EDGE_THRESHOLD"": 1.0, ""TREND_ENTRY_TAKE_BONUS"": 3.0, ""TREND_FAIR_BONUS"": 0.25, ""TREND_HOLD_EXIT_BONUS"": 0.55, ""TREND_IMBALANCE_THRESHOLD"": 0.12, ""TREND_PASSIVE_PUSH"": 0.0, ""TREND_PASSIVE_SIZE_BONUS"": 2.0, ""TREND_QUOTE_LIFT_EXTRA"": 2.0, ""TREND_RESERVATION_BIAS"": 0.02, ""TREND_SELL_HOLD_EXTRA"": 0.28, ""VOL_CONTROL_WINDOW"": 8}"
plateau_random_086,random,14269.0,7403.0,6866.0,723,"{""ALPHA_EDGE_SCALE"": 1.08, ""ALPHA_IMBALANCE_SCALE"": 1.2, ""ALPHA_THRESHOLD_SCALE"": 1.0, ""BASE_QUOTE_EDGE"": 2.8, ""BASE_TAKE_EDGE"": 1.2, ""FIT_THRESHOLD"": 0.45, ""GAMMA_RANGE"": 0.34, ""GAMMA_TREND"": 0.1, ""GAMMA_VOLATILE"": 0.4, ""HISTORY_WEIGHT"": 0.25, ""HOLD_TIME_COEF"": 0.12, ""HOLD_VOL_COEF"": 0.0, ""IMBALANCE_WEIGHT"": 0.35, ""INVENTORY_SKEW"": 0.035, ""MAX_QUOTE_EDGE"": 5.0, ""MAX_TAKE_SIZE"": 10, ""MICRO_WEIGHT"": 0.3, ""MID_WEIGHT"": 0.25, ""PASSIVE_SIZE"": 8, ""POSITION_BIAS_DIVISOR"": 12.0, ""RANGE_RESERVATION_BIAS"": 0.24, ""REGRESSION_HORIZON"": 2.0, ""REGRESSION_WEIGHT"": 0.2, ""REGRESSION_WINDOW"": 8, ""RESERVATION_SCALE"": 0.1, ""RESIDUAL_REVERT_WEIGHT"": 0.12, ""SOFT_LIMIT_RATIO"": 0.65, ""SPREAD_INV_COEF"": 0.34, ""SPREAD_TIME_COEF"": 0.98, ""SPREAD_VOL_COEF"": 0.84, ""STRONG_TREND_EDGE"": 2.5, ""STRONG_TREND_HOLD_EXIT_BONUS"": 0.9, ""TIME_HORIZON_TICKS"": 10000.0, ""TOXIC_SPREAD_THRESHOLD"": 15.0, ""TOXIC_VOLATILITY_THRESHOLD"": 3.2, ""TREND_BUY_TAKE_EXTRA"": 0.12, ""TREND_EDGE_THRESHOLD"": 1.0, ""TREND_ENTRY_TAKE_BONUS"": 3.0, ""TREND_FAIR_BONUS"": 0.25, ""TREND_HOLD_EXIT_BONUS"": 0.55, ""TREND_IMBALANCE_THRESHOLD"": 0.12, ""TREND_PASSIVE_PUSH"": 0.0, ""TREND_PASSIVE_SIZE_BONUS"": 2.0, ""TREND_QUOTE_LIFT_EXTRA"": 1.0, ""TREND_RESERVATION_BIAS"": 0.06, ""TREND_SELL_HOLD_EXTRA"": 0.28, ""VOL_CONTROL_WINDOW"": 8}"
plateau_random_057,random,14251.0,7403.0,6848.0,725,"{""ALPHA_EDGE_SCALE"": 1.04, ""ALPHA_IMBALANCE_SCALE"": 1.16, ""ALPHA_THRESHOLD_SCALE"": 1.06, ""BASE_QUOTE_EDGE"": 2.7, ""BASE_TAKE_EDGE"": 1.15, ""FIT_THRESHOLD"": 0.45, ""GAMMA_RANGE"": 0.34, ""GAMMA_TREND"": 0.1, ""GAMMA_VOLATILE"": 0.4, ""HISTORY_WEIGHT"": 0.25, ""HOLD_TIME_COEF"": 0.08, ""HOLD_VOL_COEF"": 0.0, ""IMBALANCE_WEIGHT"": 0.35, ""INVENTORY_SKEW"": 0.035, ""MAX_QUOTE_EDGE"": 5.0, ""MAX_TAKE_SIZE"": 10, ""MICRO_WEIGHT"": 0.3, ""MID_WEIGHT"": 0.25, ""PASSIVE_SIZE"": 8, ""POSITION_BIAS_DIVISOR"": 12.0, ""RANGE_RESERVATION_BIAS"": 0.24, ""REGRESSION_HORIZON"": 2.0, ""REGRESSION_WEIGHT"": 0.2, ""REGRESSION_WINDOW"": 8, ""RESERVATION_SCALE"": 0.16, ""RESIDUAL_REVERT_WEIGHT"": 0.12, ""SOFT_LIMIT_RATIO"": 0.65, ""SPREAD_INV_COEF"": 0.42, ""SPREAD_TIME_COEF"": 0.74, ""SPREAD_VOL_COEF"": 0.84, ""STRONG_TREND_EDGE"": 2.5, ""STRONG_TREND_HOLD_EXIT_BONUS"": 0.9, ""TIME_HORIZON_TICKS"": 10000.0, ""TOXIC_SPREAD_THRESHOLD"": 15.0, ""TOXIC_VOLATILITY_THRESHOLD"": 3.2, ""TREND_BUY_TAKE_EXTRA"": 0.08, ""TREND_EDGE_THRESHOLD"": 1.0, ""TREND_ENTRY_TAKE_BONUS"": 3.0, ""TREND_FAIR_BONUS"": 0.25, ""TREND_HOLD_EXIT_BONUS"": 0.55, ""TREND_IMBALANCE_THRESHOLD"": 0.12, ""TREND_PASSIVE_PUSH"": 0.0, ""TREND_PASSIVE_SIZE_BONUS"": 2.0, ""TREND_QUOTE_LIFT_EXTRA"": 0.0, ""TREND_RESERVATION_BIAS"": 0.06, ""TREND_SELL_HOLD_EXTRA"": 0.32, ""VOL_CONTROL_WINDOW"": 8}"
plateau_random_096,random,14242.0,7403.0,6839.0,720,"{""ALPHA_EDGE_SCALE"": 1.04, ""ALPHA_IMBALANCE_SCALE"": 1.16, ""ALPHA_THRESHOLD_SCALE"": 1.06, ""BASE_QUOTE_EDGE"": 2.8, ""BASE_TAKE_EDGE"": 1.3, ""FIT_THRESHOLD"": 0.45, ""GAMMA_RANGE"": 0.34, ""GAMMA_TREND"": 0.1, ""GAMMA_VOLATILE"": 0.4, ""HISTORY_WEIGHT"": 0.25, ""HOLD_TIME_COEF"": 0.04, ""HOLD_VOL_COEF"": 0.0, ""IMBALANCE_WEIGHT"": 0.35, ""INVENTORY_SKEW"": 0.035, ""MAX_QUOTE_EDGE"": 5.0, ""MAX_TAKE_SIZE"": 10, ""MICRO_WEIGHT"": 0.3, ""MID_WEIGHT"": 0.25, ""PASSIVE_SIZE"": 8, ""POSITION_BIAS_DIVISOR"": 12.0, ""RANGE_RESERVATION_BIAS"": 0.16, ""REGRESSION_HORIZON"": 2.0, ""REGRESSION_WEIGHT"": 0.2, ""REGRESSION_WINDOW"": 8, ""RESERVATION_SCALE"": 0.1, ""RESIDUAL_REVERT_WEIGHT"": 0.12, ""SOFT_LIMIT_RATIO"": 0.65, ""SPREAD_INV_COEF"": 0.46, ""SPREAD_TIME_COEF"": 0.9, ""SPREAD_VOL_COEF"": 1.0, ""STRONG_TREND_EDGE"": 2.5, ""STRONG_TREND_HOLD_EXIT_BONUS"": 0.9, ""TIME_HORIZON_TICKS"": 10000.0, ""TOXIC_SPREAD_THRESHOLD"": 15.0, ""TOXIC_VOLATILITY_THRESHOLD"": 3.2, ""TREND_BUY_TAKE_EXTRA"": 0.08, ""TREND_EDGE_THRESHOLD"": 1.0, ""TREND_ENTRY_TAKE_BONUS"": 3.0, ""TREND_FAIR_BONUS"": 0.25, ""TREND_HOLD_EXIT_BONUS"": 0.55, ""TREND_IMBALANCE_THRESHOLD"": 0.12, ""TREND_PASSIVE_PUSH"": 0.0, ""TREND_PASSIVE_SIZE_BONUS"": 2.0, ""TREND_QUOTE_LIFT_EXTRA"": 0.0, ""TREND_RESERVATION_BIAS"": 0.06, ""TREND_SELL_HOLD_EXTRA"": 0.32, ""VOL_CONTROL_WINDOW"": 8}"
plateau_random_051,random,14238.0,7403.0,6835.0,720,"{""ALPHA_EDGE_SCALE"": 1.08, ""ALPHA_IMBALANCE_SCALE"": 1.2, ""ALPHA_THRESHOLD_SCALE"": 1.0, ""BASE_QUOTE_EDGE"": 2.65, ""BASE_TAKE_EDGE"": 1.3, ""FIT_THRESHOLD"": 0.45, ""GAMMA_RANGE"": 0.34, ""GAMMA_TREND"": 0.1, ""GAMMA_VOLATILE"": 0.4, ""HISTORY_WEIGHT"": 0.25, ""HOLD_TIME_COEF"": 0.04, ""HOLD_VOL_COEF"": 0.0, ""IMBALANCE_WEIGHT"": 0.35, ""INVENTORY_SKEW"": 0.035, ""MAX_QUOTE_EDGE"": 5.0, ""MAX_TAKE_SIZE"": 10, ""MICRO_WEIGHT"": 0.3, ""MID_WEIGHT"": 0.25, ""PASSIVE_SIZE"": 8, ""POSITION_BIAS_DIVISOR"": 12.0, ""RANGE_RESERVATION_BIAS"": 0.24, ""REGRESSION_HORIZON"": 2.0, ""REGRESSION_WEIGHT"": 0.2, ""REGRESSION_WINDOW"": 8, ""RESERVATION_SCALE"": 0.1, ""RESIDUAL_REVERT_WEIGHT"": 0.12, ""SOFT_LIMIT_RATIO"": 0.65, ""SPREAD_INV_COEF"": 0.34, ""SPREAD_TIME_COEF"": 0.82, ""SPREAD_VOL_COEF"": 0.92, ""STRONG_TREND_EDGE"": 2.5, ""STRONG_TREND_HOLD_EXIT_BONUS"": 0.9, ""TIME_HORIZON_TICKS"": 10000.0, ""TOXIC_SPREAD_THRESHOLD"": 15.0, ""TOXIC_VOLATILITY_THRESHOLD"": 3.2, ""TREND_BUY_TAKE_EXTRA"": 0.08, ""TREND_EDGE_THRESHOLD"": 1.0, ""TREND_ENTRY_TAKE_BONUS"": 3.0, ""TREND_FAIR_BONUS"": 0.25, ""TREND_HOLD_EXIT_BONUS"": 0.55, ""TREND_IMBALANCE_THRESHOLD"": 0.12, ""TREND_PASSIVE_PUSH"": 0.0, ""TREND_PASSIVE_SIZE_BONUS"": 2.0, ""TREND_QUOTE_LIFT_EXTRA"": 2.0, ""TREND_RESERVATION_BIAS"": 0.02, ""TREND_SELL_HOLD_EXTRA"": 0.32, ""VOL_CONTROL_WINDOW"": 8}"
plateau_random_084,random,14236.0,7403.0,6833.0,722,"{""ALPHA_EDGE_SCALE"": 1.06, ""ALPHA_IMBALANCE_SCALE"": 1.2, ""ALPHA_THRESHOLD_SCALE"": 1.06, ""BASE_QUOTE_EDGE"": 2.8, ""BASE_TAKE_EDGE"": 1.15, ""FIT_THRESHOLD"": 0.45, ""GAMMA_RANGE"": 0.34, ""GAMMA_TREND"": 0.1, ""GAMMA_VOLATILE"": 0.4, ""HISTORY_WEIGHT"": 0.25, ""HOLD_TIME_COEF"": 0.08, ""HOLD_VOL_COEF"": 0.0, ""IMBALANCE_WEIGHT"": 0.35, ""INVENTORY_SKEW"": 0.035, ""MAX_QUOTE_EDGE"": 5.0, ""MAX_TAKE_SIZE"": 10, ""MICRO_WEIGHT"": 0.3, ""MID_WEIGHT"": 0.25, ""PASSIVE_SIZE"": 8, ""POSITION_BIAS_DIVISOR"": 12.0, ""RANGE_RESERVATION_BIAS"": 0.16, ""REGRESSION_HORIZON"": 2.0, ""REGRESSION_WEIGHT"": 0.2, ""REGRESSION_WINDOW"": 8, ""RESERVATION_SCALE"": 0.12, ""RESIDUAL_REVERT_WEIGHT"": 0.12, ""SOFT_LIMIT_RATIO"": 0.65, ""SPREAD_INV_COEF"": 0.42, ""SPREAD_TIME_COEF"": 0.9, ""SPREAD_VOL_COEF"": 1.0, ""STRONG_TREND_EDGE"": 2.5, ""STRONG_TREND_HOLD_EXIT_BONUS"": 0.9, ""TIME_HORIZON_TICKS"": 10000.0, ""TOXIC_SPREAD_THRESHOLD"": 15.0, ""TOXIC_VOLATILITY_THRESHOLD"": 3.2, ""TREND_BUY_TAKE_EXTRA"": 0.08, ""TREND_EDGE_THRESHOLD"": 1.0, ""TREND_ENTRY_TAKE_BONUS"": 3.0, ""TREND_FAIR_BONUS"": 0.25, ""TREND_HOLD_EXIT_BONUS"": 0.55, ""TREND_IMBALANCE_THRESHOLD"": 0.12, ""TREND_PASSIVE_PUSH"": 0.0, ""TREND_PASSIVE_SIZE_BONUS"": 2.0, ""TREND_QUOTE_LIFT_EXTRA"": 1.0, ""TREND_RESERVATION_BIAS"": 0.06, ""TREND_SELL_HOLD_EXTRA"": 0.24, ""VOL_CONTROL_WINDOW"": 8}"
spread_plus_balanced,designed,14234.0,7403.0,6831.0,720,"{""ALPHA_EDGE_SCALE"": 1.06, ""ALPHA_IMBALANCE_SCALE"": 1.16, ""ALPHA_THRESHOLD_SCALE"": 1.03, ""BASE_QUOTE_EDGE"": 2.7, ""BASE_TAKE_EDGE"": 1.2, ""FIT_THRESHOLD"": 0.45, ""GAMMA_RANGE"": 0.34, ""GAMMA_TREND"": 0.1, ""GAMMA_VOLATILE"": 0.4, ""HISTORY_WEIGHT"": 0.25, ""HOLD_TIME_COEF"": 0.08, ""HOLD_VOL_COEF"": 0.0, ""IMBALANCE_WEIGHT"": 0.35, ""INVENTORY_SKEW"": 0.035, ""MAX_QUOTE_EDGE"": 5.0, ""MAX_TAKE_SIZE"": 10, ""MICRO_WEIGHT"": 0.3, ""MID_WEIGHT"": 0.25, ""PASSIVE_SIZE"": 8, ""POSITION_BIAS_DIVISOR"": 12.0, ""RANGE_RESERVATION_BIAS"": 0.2, ""REGRESSION_HORIZON"": 2.0, ""REGRESSION_WEIGHT"": 0.2, ""REGRESSION_WINDOW"": 8, ""RESERVATION_SCALE"": 0.12, ""RESIDUAL_REVERT_WEIGHT"": 0.12, ""SOFT_LIMIT_RATIO"": 0.65, ""SPREAD_INV_COEF"": 0.4, ""SPREAD_TIME_COEF"": 0.86, ""SPREAD_VOL_COEF"": 0.88, ""STRONG_TREND_EDGE"": 2.5, ""STRONG_TREND_HOLD_EXIT_BONUS"": 0.9, ""TIME_HORIZON_TICKS"": 10000.0, ""TOXIC_SPREAD_THRESHOLD"": 15.0, ""TOXIC_VOLATILITY_THRESHOLD"": 3.2, ""TREND_BUY_TAKE_EXTRA"": 0.08, ""TREND_EDGE_THRESHOLD"": 1.0, ""TREND_ENTRY_TAKE_BONUS"": 3.0, ""TREND_FAIR_BONUS"": 0.25, ""TREND_HOLD_EXIT_BONUS"": 0.55, ""TREND_IMBALANCE_THRESHOLD"": 0.12, ""TREND_PASSIVE_PUSH"": 0.0, ""TREND_PASSIVE_SIZE_BONUS"": 2.0, ""TREND_QUOTE_LIFT_EXTRA"": 1.0, ""TREND_RESERVATION_BIAS"": 0.04, ""TREND_SELL_HOLD_EXTRA"": 0.24, ""VOL_CONTROL_WINDOW"": 8}"
quote_take_mix,designed,14234.0,7403.0,6831.0,720,"{""ALPHA_EDGE_SCALE"": 1.06, ""ALPHA_IMBALANCE_SCALE"": 1.16, ""ALPHA_THRESHOLD_SCALE"": 1.03, ""BASE_QUOTE_EDGE"": 2.75, ""BASE_TAKE_EDGE"": 1.2, ""FIT_THRESHOLD"": 0.45, ""GAMMA_RANGE"": 0.34, ""GAMMA_TREND"": 0.1, ""GAMMA_VOLATILE"": 0.4, ""HISTORY_WEIGHT"": 0.25, ""HOLD_TIME_COEF"": 0.08, ""HOLD_VOL_COEF"": 0.0, ""IMBALANCE_WEIGHT"": 0.35, ""INVENTORY_SKEW"": 0.035, ""MAX_QUOTE_EDGE"": 5.0, ""MAX_TAKE_SIZE"": 10, ""MICRO_WEIGHT"": 0.3, ""MID_WEIGHT"": 0.25, ""PASSIVE_SIZE"": 8, ""POSITION_BIAS_DIVISOR"": 12.0, ""RANGE_RESERVATION_BIAS"": 0.2, ""REGRESSION_HORIZON"": 2.0, ""REGRESSION_WEIGHT"": 0.2, ""REGRESSION_WINDOW"": 8, ""RESERVATION_SCALE"": 0.12, ""RESIDUAL_REVERT_WEIGHT"": 0.12, ""SOFT_LIMIT_RATIO"": 0.65, ""SPREAD_INV_COEF"": 0.38, ""SPREAD_TIME_COEF"": 0.82, ""SPREAD_VOL_COEF"": 0.88, ""STRONG_TREND_EDGE"": 2.5, ""STRONG_TREND_HOLD_EXIT_BONUS"": 0.9, ""TIME_HORIZON_TICKS"": 10000.0, ""TOXIC_SPREAD_THRESHOLD"": 15.0, ""TOXIC_VOLATILITY_THRESHOLD"": 3.2, ""TREND_BUY_TAKE_EXTRA"": 0.12, ""TREND_EDGE_THRESHOLD"": 1.0, ""TREND_ENTRY_TAKE_BONUS"": 3.0, ""TREND_FAIR_BONUS"": 0.25, ""TREND_HOLD_EXIT_BONUS"": 0.55, ""TREND_IMBALANCE_THRESHOLD"": 0.12, ""TREND_PASSIVE_PUSH"": 0.0, ""TREND_PASSIVE_SIZE_BONUS"": 2.0, ""TREND_QUOTE_LIFT_EXTRA"": 1.0, ""TREND_RESERVATION_BIAS"": 0.04, ""TREND_SELL_HOLD_EXTRA"": 0.24, ""VOL_CONTROL_WINDOW"": 8}"
plateau_random_027,random,14232.0,7403.0,6829.0,720,"{""ALPHA_EDGE_SCALE"": 1.04, ""ALPHA_IMBALANCE_SCALE"": 1.12, ""ALPHA_THRESHOLD_SCALE"": 1.0, ""BASE_QUOTE_EDGE"": 2.6, ""BASE_TAKE_EDGE"": 1.25, ""FIT_THRESHOLD"": 0.45, ""GAMMA_RANGE"": 0.34, ""GAMMA_TREND"": 0.1, ""GAMMA_VOLATILE"": 0.4, ""HISTORY_WEIGHT"": 0.25, ""HOLD_TIME_COEF"": 0.08, ""HOLD_VOL_COEF"": 0.0, ""IMBALANCE_WEIGHT"": 0.35, ""INVENTORY_SKEW"": 0.035, ""MAX_QUOTE_EDGE"": 5.0, ""MAX_TAKE_SIZE"": 10, ""MICRO_WEIGHT"": 0.3, ""MID_WEIGHT"": 0.25, ""PASSIVE_SIZE"": 8, ""POSITION_BIAS_DIVISOR"": 12.0, ""RANGE_RESERVATION_BIAS"": 0.24, ""REGRESSION_HORIZON"": 2.0, ""REGRESSION_WEIGHT"": 0.2, ""REGRESSION_WINDOW"": 8, ""RESERVATION_SCALE"": 0.12, ""RESIDUAL_REVERT_WEIGHT"": 0.12, ""SOFT_LIMIT_RATIO"": 0.65, ""SPREAD_INV_COEF"": 0.38, ""SPREAD_TIME_COEF"": 0.82, ""SPREAD_VOL_COEF"": 0.84, ""STRONG_TREND_EDGE"": 2.5, ""STRONG_TREND_HOLD_EXIT_BONUS"": 0.9, ""TIME_HORIZON_TICKS"": 10000.0, ""TOXIC_SPREAD_THRESHOLD"": 15.0, ""TOXIC_VOLATILITY_THRESHOLD"": 3.2, ""TREND_BUY_TAKE_EXTRA"": 0.04, ""TREND_EDGE_THRESHOLD"": 1.0, ""TREND_ENTRY_TAKE_BONUS"": 3.0, ""TREND_FAIR_BONUS"": 0.25, ""TREND_HOLD_EXIT_BONUS"": 0.55, ""TREND_IMBALANCE_THRESHOLD"": 0.12, ""TREND_PASSIVE_PUSH"": 0.0, ""TREND_PASSIVE_SIZE_BONUS"": 2.0, ""TREND_QUOTE_LIFT_EXTRA"": 1.0, ""TREND_RESERVATION_BIAS"": 0.02, ""TREND_SELL_HOLD_EXTRA"": 0.24, ""VOL_CONTROL_WINDOW"": 8}"
plateau_random_002,random,14230.0,7403.0,6827.0,728,"{""ALPHA_EDGE_SCALE"": 1.04, ""ALPHA_IMBALANCE_SCALE"": 1.2, ""ALPHA_THRESHOLD_SCALE"": 1.0, ""BASE_QUOTE_EDGE"": 2.55, ""BASE_TAKE_EDGE"": 1.15, ""FIT_THRESHOLD"": 0.45, ""GAMMA_RANGE"": 0.34, ""GAMMA_TREND"": 0.1, ""GAMMA_VOLATILE"": 0.4, ""HISTORY_WEIGHT"": 0.25, ""HOLD_TIME_COEF"": 0.04, ""HOLD_VOL_COEF"": 0.0, ""IMBALANCE_WEIGHT"": 0.35, ""INVENTORY_SKEW"": 0.035, ""MAX_QUOTE_EDGE"": 5.0, ""MAX_TAKE_SIZE"": 10, ""MICRO_WEIGHT"": 0.3, ""MID_WEIGHT"": 0.25, ""PASSIVE_SIZE"": 8, ""POSITION_BIAS_DIVISOR"": 12.0, ""RANGE_RESERVATION_BIAS"": 0.24, ""REGRESSION_HORIZON"": 2.0, ""REGRESSION_WEIGHT"": 0.2, ""REGRESSION_WINDOW"": 8, ""RESERVATION_SCALE"": 0.12, ""RESIDUAL_REVERT_WEIGHT"": 0.12, ""SOFT_LIMIT_RATIO"": 0.65, ""SPREAD_INV_COEF"": 0.38, ""SPREAD_TIME_COEF"": 0.82, ""SPREAD_VOL_COEF"": 1.0, ""STRONG_TREND_EDGE"": 2.5, ""STRONG_TREND_HOLD_EXIT_BONUS"": 0.9, ""TIME_HORIZON_TICKS"": 10000.0, ""TOXIC_SPREAD_THRESHOLD"": 15.0, ""TOXIC_VOLATILITY_THRESHOLD"": 3.2, ""TREND_BUY_TAKE_EXTRA"": 0.08, ""TREND_EDGE_THRESHOLD"": 1.0, ""TREND_ENTRY_TAKE_BONUS"": 3.0, ""TREND_FAIR_BONUS"": 0.25, ""TREND_HOLD_EXIT_BONUS"": 0.55, ""TREND_IMBALANCE_THRESHOLD"": 0.12, ""TREND_PASSIVE_PUSH"": 0.0, ""TREND_PASSIVE_SIZE_BONUS"": 2.0, ""TREND_QUOTE_LIFT_EXTRA"": 2.0, ""TREND_RESERVATION_BIAS"": 0.04, ""TREND_SELL_HOLD_EXTRA"": 0.2, ""VOL_CONTROL_WINDOW"": 8}"
plateau_random_038,random,14224.0,7403.0,6821.0,720,"{""ALPHA_EDGE_SCALE"": 1.06, ""ALPHA_IMBALANCE_SCALE"": 1.2, ""ALPHA_THRESHOLD_SCALE"": 1.03, ""BASE_QUOTE_EDGE"": 2.65, ""BASE_TAKE_EDGE"": 1.2, ""FIT_THRESHOLD"": 0.45, ""GAMMA_RANGE"": 0.34, ""GAMMA_TREND"": 0.1, ""GAMMA_VOLATILE"": 0.4, ""HISTORY_WEIGHT"": 0.25, ""HOLD_TIME_COEF"": 0.08, ""HOLD_VOL_COEF"": 0.0, ""IMBALANCE_WEIGHT"": 0.35, ""INVENTORY_SKEW"": 0.035, ""MAX_QUOTE_EDGE"": 5.0, ""MAX_TAKE_SIZE"": 10, ""MICRO_WEIGHT"": 0.3, ""MID_WEIGHT"": 0.25, ""PASSIVE_SIZE"": 8, ""POSITION_BIAS_DIVISOR"": 12.0, ""RANGE_RESERVATION_BIAS"": 0.2, ""REGRESSION_HORIZON"": 2.0, ""REGRESSION_WEIGHT"": 0.2, ""REGRESSION_WINDOW"": 8, ""RESERVATION_SCALE"": 0.12, ""RESIDUAL_REVERT_WEIGHT"": 0.12, ""SOFT_LIMIT_RATIO"": 0.65, ""SPREAD_INV_COEF"": 0.38, ""SPREAD_TIME_COEF"": 0.82, ""SPREAD_VOL_COEF"": 0.76, ""STRONG_TREND_EDGE"": 2.5, ""STRONG_TREND_HOLD_EXIT_BONUS"": 0.9, ""TIME_HORIZON_TICKS"": 10000.0, ""TOXIC_SPREAD_THRESHOLD"": 15.0, ""TOXIC_VOLATILITY_THRESHOLD"": 3.2, ""TREND_BUY_TAKE_EXTRA"": 0.12, ""TREND_EDGE_THRESHOLD"": 1.0, ""TREND_ENTRY_TAKE_BONUS"": 3.0, ""TREND_FAIR_BONUS"": 0.25, ""TREND_HOLD_EXIT_BONUS"": 0.55, ""TREND_IMBALANCE_THRESHOLD"": 0.12, ""TREND_PASSIVE_PUSH"": 0.0, ""TREND_PASSIVE_SIZE_BONUS"": 2.0, ""TREND_QUOTE_LIFT_EXTRA"": 2.0, ""TREND_RESERVATION_BIAS"": 0.06, ""TREND_SELL_HOLD_EXTRA"": 0.28, ""VOL_CONTROL_WINDOW"": 8}"
plateau_random_012,random,14222.0,7403.0,6819.0,721,"{""ALPHA_EDGE_SCALE"": 1.08, ""ALPHA_IMBALANCE_SCALE"": 1.12, ""ALPHA_THRESHOLD_SCALE"": 1.06, ""BASE_QUOTE_EDGE"": 2.55, ""BASE_TAKE_EDGE"": 1.25, ""FIT_THRESHOLD"": 0.45, ""GAMMA_RANGE"": 0.34, ""GAMMA_TREND"": 0.1, ""GAMMA_VOLATILE"": 0.4, ""HISTORY_WEIGHT"": 0.25, ""HOLD_TIME_COEF"": 0.12, ""HOLD_VOL_COEF"": 0.0, ""IMBALANCE_WEIGHT"": 0.35, ""INVENTORY_SKEW"": 0.035, ""MAX_QUOTE_EDGE"": 5.0, ""MAX_TAKE_SIZE"": 10, ""MICRO_WEIGHT"": 0.3, ""MID_WEIGHT"": 0.25, ""PASSIVE_SIZE"": 8, ""POSITION_BIAS_DIVISOR"": 12.0, ""RANGE_RESERVATION_BIAS"": 0.16, ""REGRESSION_HORIZON"": 2.0, ""REGRESSION_WEIGHT"": 0.2, ""REGRESSION_WINDOW"": 8, ""RESERVATION_SCALE"": 0.12, ""RESIDUAL_REVERT_WEIGHT"": 0.12, ""SOFT_LIMIT_RATIO"": 0.65, ""SPREAD_INV_COEF"": 0.42, ""SPREAD_TIME_COEF"": 0.74, ""SPREAD_VOL_COEF"": 1.0, ""STRONG_TREND_EDGE"": 2.5, ""STRONG_TREND_HOLD_EXIT_BONUS"": 0.9, ""TIME_HORIZON_TICKS"": 10000.0, ""TOXIC_SPREAD_THRESHOLD"": 15.0, ""TOXIC_VOLATILITY_THRESHOLD"": 3.2, ""TREND_BUY_TAKE_EXTRA"": 0.08, ""TREND_EDGE_THRESHOLD"": 1.0, ""TREND_ENTRY_TAKE_BONUS"": 3.0, ""TREND_FAIR_BONUS"": 0.25, ""TREND_HOLD_EXIT_BONUS"": 0.55, ""TREND_IMBALANCE_THRESHOLD"": 0.12, ""TREND_PASSIVE_PUSH"": 0.0, ""TREND_PASSIVE_SIZE_BONUS"": 2.0, ""TREND_QUOTE_LIFT_EXTRA"": 2.0, ""TREND_RESERVATION_BIAS"": 0.06, ""TREND_SELL_HOLD_EXTRA"": 0.24, ""VOL_CONTROL_WINDOW"": 8}"
plateau_random_034,random,14221.0,7403.0,6818.0,722,"{""ALPHA_EDGE_SCALE"": 1.1, ""ALPHA_IMBALANCE_SCALE"": 1.24, ""ALPHA_THRESHOLD_SCALE"": 1.03, ""BASE_QUOTE_EDGE"": 2.65, ""BASE_TAKE_EDGE"": 1.15, ""FIT_THRESHOLD"": 0.45, ""GAMMA_RANGE"": 0.34, ""GAMMA_TREND"": 0.1, ""GAMMA_VOLATILE"": 0.4, ""HISTORY_WEIGHT"": 0.25, ""HOLD_TIME_COEF"": 0.12, ""HOLD_VOL_COEF"": 0.0, ""IMBALANCE_WEIGHT"": 0.35, ""INVENTORY_SKEW"": 0.035, ""MAX_QUOTE_EDGE"": 5.0, ""MAX_TAKE_SIZE"": 10, ""MICRO_WEIGHT"": 0.3, ""MID_WEIGHT"": 0.25, ""PASSIVE_SIZE"": 8, ""POSITION_BIAS_DIVISOR"": 12.0, ""RANGE_RESERVATION_BIAS"": 0.16, ""REGRESSION_HORIZON"": 2.0, ""REGRESSION_WEIGHT"": 0.2, ""REGRESSION_WINDOW"": 8, ""RESERVATION_SCALE"": 0.12, ""RESIDUAL_REVERT_WEIGHT"": 0.12, ""SOFT_LIMIT_RATIO"": 0.65, ""SPREAD_INV_COEF"": 0.42, ""SPREAD_TIME_COEF"": 0.74, ""SPREAD_VOL_COEF"": 0.92, ""STRONG_TREND_EDGE"": 2.5, ""STRONG_TREND_HOLD_EXIT_BONUS"": 0.9, ""TIME_HORIZON_TICKS"": 10000.0, ""TOXIC_SPREAD_THRESHOLD"": 15.0, ""TOXIC_VOLATILITY_THRESHOLD"": 3.2, ""TREND_BUY_TAKE_EXTRA"": 0.08, ""TREND_EDGE_THRESHOLD"": 1.0, ""TREND_ENTRY_TAKE_BONUS"": 3.0, ""TREND_FAIR_BONUS"": 0.25, ""TREND_HOLD_EXIT_BONUS"": 0.55, ""TREND_IMBALANCE_THRESHOLD"": 0.12, ""TREND_PASSIVE_PUSH"": 0.0, ""TREND_PASSIVE_SIZE_BONUS"": 2.0, ""TREND_QUOTE_LIFT_EXTRA"": 2.0, ""TREND_RESERVATION_BIAS"": 0.06, ""TREND_SELL_HOLD_EXTRA"": 0.2, ""VOL_CONTROL_WINDOW"": 8}"
plateau_random_074,random,14221.0,7403.0,6818.0,728,"{""ALPHA_EDGE_SCALE"": 1.08, ""ALPHA_IMBALANCE_SCALE"": 1.12, ""ALPHA_THRESHOLD_SCALE"": 1.06, ""BASE_QUOTE_EDGE"": 2.75, ""BASE_TAKE_EDGE"": 1.2, ""FIT_THRESHOLD"": 0.45, ""GAMMA_RANGE"": 0.34, ""GAMMA_TREND"": 0.1, ""GAMMA_VOLATILE"": 0.4, ""HISTORY_WEIGHT"": 0.25, ""HOLD_TIME_COEF"": 0.12, ""HOLD_VOL_COEF"": 0.0, ""IMBALANCE_WEIGHT"": 0.35, ""INVENTORY_SKEW"": 0.035, ""MAX_QUOTE_EDGE"": 5.0, ""MAX_TAKE_SIZE"": 10, ""MICRO_WEIGHT"": 0.3, ""MID_WEIGHT"": 0.25, ""PASSIVE_SIZE"": 8, ""POSITION_BIAS_DIVISOR"": 12.0, ""RANGE_RESERVATION_BIAS"": 0.24, ""REGRESSION_HORIZON"": 2.0, ""REGRESSION_WEIGHT"": 0.2, ""REGRESSION_WINDOW"": 8, ""RESERVATION_SCALE"": 0.14, ""RESIDUAL_REVERT_WEIGHT"": 0.12, ""SOFT_LIMIT_RATIO"": 0.65, ""SPREAD_INV_COEF"": 0.46, ""SPREAD_TIME_COEF"": 0.9, ""SPREAD_VOL_COEF"": 0.92, ""STRONG_TREND_EDGE"": 2.5, ""STRONG_TREND_HOLD_EXIT_BONUS"": 0.9, ""TIME_HORIZON_TICKS"": 10000.0, ""TOXIC_SPREAD_THRESHOLD"": 15.0, ""TOXIC_VOLATILITY_THRESHOLD"": 3.2, ""TREND_BUY_TAKE_EXTRA"": 0.08, ""TREND_EDGE_THRESHOLD"": 1.0, ""TREND_ENTRY_TAKE_BONUS"": 3.0, ""TREND_FAIR_BONUS"": 0.25, ""TREND_HOLD_EXIT_BONUS"": 0.55, ""TREND_IMBALANCE_THRESHOLD"": 0.12, ""TREND_PASSIVE_PUSH"": 0.0, ""TREND_PASSIVE_SIZE_BONUS"": 2.0, ""TREND_QUOTE_LIFT_EXTRA"": 0.0, ""TREND_RESERVATION_BIAS"": 0.04, ""TREND_SELL_HOLD_EXTRA"": 0.2, ""VOL_CONTROL_WINDOW"": 8}"
plateau_random_040,random,14220.0,7403.0,6817.0,728,"{""ALPHA_EDGE_SCALE"": 1.04, ""ALPHA_IMBALANCE_SCALE"": 1.24, ""ALPHA_THRESHOLD_SCALE"": 1.0, ""BASE_QUOTE_EDGE"": 2.65, ""BASE_TAKE_EDGE"": 1.2, ""FIT_THRESHOLD"": 0.45, ""GAMMA_RANGE"": 0.34, ""GAMMA_TREND"": 0.1, ""GAMMA_VOLATILE"": 0.4, ""HISTORY_WEIGHT"": 0.25, ""HOLD_TIME_COEF"": 0.04, ""HOLD_VOL_COEF"": 0.0, ""IMBALANCE_WEIGHT"": 0.35, ""INVENTORY_SKEW"": 0.035, ""MAX_QUOTE_EDGE"": 5.0, ""MAX_TAKE_SIZE"": 10, ""MICRO_WEIGHT"": 0.3, ""MID_WEIGHT"": 0.25, ""PASSIVE_SIZE"": 8, ""POSITION_BIAS_DIVISOR"": 12.0, ""RANGE_RESERVATION_BIAS"": 0.24, ""REGRESSION_HORIZON"": 2.0, ""REGRESSION_WEIGHT"": 0.2, ""REGRESSION_WINDOW"": 8, ""RESERVATION_SCALE"": 0.14, ""RESIDUAL_REVERT_WEIGHT"": 0.12, ""SOFT_LIMIT_RATIO"": 0.65, ""SPREAD_INV_COEF"": 0.34, ""SPREAD_TIME_COEF"": 0.9, ""SPREAD_VOL_COEF"": 0.84, ""STRONG_TREND_EDGE"": 2.5, ""STRONG_TREND_HOLD_EXIT_BONUS"": 0.9, ""TIME_HORIZON_TICKS"": 10000.0, ""TOXIC_SPREAD_THRESHOLD"": 15.0, ""TOXIC_VOLATILITY_THRESHOLD"": 3.2, ""TREND_BUY_TAKE_EXTRA"": 0.12, ""TREND_EDGE_THRESHOLD"": 1.0, ""TREND_ENTRY_TAKE_BONUS"": 3.0, ""TREND_FAIR_BONUS"": 0.25, ""TREND_HOLD_EXIT_BONUS"": 0.55, ""TREND_IMBALANCE_THRESHOLD"": 0.12, ""TREND_PASSIVE_PUSH"": 0.0, ""TREND_PASSIVE_SIZE_BONUS"": 2.0, ""TREND_QUOTE_LIFT_EXTRA"": 2.0, ""TREND_RESERVATION_BIAS"": 0.06, ""TREND_SELL_HOLD_EXTRA"": 0.24, ""VOL_CONTROL_WINDOW"": 8}"
plateau_random_070,random,14213.0,7403.0,6810.0,728,"{""ALPHA_EDGE_SCALE"": 1.06, ""ALPHA_IMBALANCE_SCALE"": 1.12, ""ALPHA_THRESHOLD_SCALE"": 1.06, ""BASE_QUOTE_EDGE"": 2.75, ""BASE_TAKE_EDGE"": 1.2, ""FIT_THRESHOLD"": 0.45, ""GAMMA_RANGE"": 0.34, ""GAMMA_TREND"": 0.1, ""GAMMA_VOLATILE"": 0.4, ""HISTORY_WEIGHT"": 0.25, ""HOLD_TIME_COEF"": 0.04, ""HOLD_VOL_COEF"": 0.0, ""IMBALANCE_WEIGHT"": 0.35, ""INVENTORY_SKEW"": 0.035, ""MAX_QUOTE_EDGE"": 5.0, ""MAX_TAKE_SIZE"": 10, ""MICRO_WEIGHT"": 0.3, ""MID_WEIGHT"": 0.25, ""PASSIVE_SIZE"": 8, ""POSITION_BIAS_DIVISOR"": 12.0, ""RANGE_RESERVATION_BIAS"": 0.24, ""REGRESSION_HORIZON"": 2.0, ""REGRESSION_WEIGHT"": 0.2, ""REGRESSION_WINDOW"": 8, ""RESERVATION_SCALE"": 0.14, ""RESIDUAL_REVERT_WEIGHT"": 0.12, ""SOFT_LIMIT_RATIO"": 0.65, ""SPREAD_INV_COEF"": 0.42, ""SPREAD_TIME_COEF"": 0.82, ""SPREAD_VOL_COEF"": 0.76, ""STRONG_TREND_EDGE"": 2.5, ""STRONG_TREND_HOLD_EXIT_BONUS"": 0.9, ""TIME_HORIZON_TICKS"": 10000.0, ""TOXIC_SPREAD_THRESHOLD"": 15.0, ""TOXIC_VOLATILITY_THRESHOLD"": 3.2, ""TREND_BUY_TAKE_EXTRA"": 0.04, ""TREND_EDGE_THRESHOLD"": 1.0, ""TREND_ENTRY_TAKE_BONUS"": 3.0, ""TREND_FAIR_BONUS"": 0.25, ""TREND_HOLD_EXIT_BONUS"": 0.55, ""TREND_IMBALANCE_THRESHOLD"": 0.12, ""TREND_PASSIVE_PUSH"": 0.0, ""TREND_PASSIVE_SIZE_BONUS"": 2.0, ""TREND_QUOTE_LIFT_EXTRA"": 1.0, ""TREND_RESERVATION_BIAS"": 0.04, ""TREND_SELL_HOLD_EXTRA"": 0.2, ""VOL_CONTROL_WINDOW"": 8}"
plateau_random_050,random,14208.0,7403.0,6805.0,721,"{""ALPHA_EDGE_SCALE"": 1.04, ""ALPHA_IMBALANCE_SCALE"": 1.12, ""ALPHA_THRESHOLD_SCALE"": 1.0, ""BASE_QUOTE_EDGE"": 2.65, ""BASE_TAKE_EDGE"": 1.3, ""FIT_THRESHOLD"": 0.45, ""GAMMA_RANGE"": 0.34, ""GAMMA_TREND"": 0.1, ""GAMMA_VOLATILE"": 0.4, ""HISTORY_WEIGHT"": 0.25, ""HOLD_TIME_COEF"": 0.12, ""HOLD_VOL_COEF"": 0.0, ""IMBALANCE_WEIGHT"": 0.35, ""INVENTORY_SKEW"": 0.035, ""MAX_QUOTE_EDGE"": 5.0, ""MAX_TAKE_SIZE"": 10, ""MICRO_WEIGHT"": 0.3, ""MID_WEIGHT"": 0.25, ""PASSIVE_SIZE"": 8, ""POSITION_BIAS_DIVISOR"": 12.0, ""RANGE_RESERVATION_BIAS"": 0.16, ""REGRESSION_HORIZON"": 2.0, ""REGRESSION_WEIGHT"": 0.2, ""REGRESSION_WINDOW"": 8, ""RESERVATION_SCALE"": 0.14, ""RESIDUAL_REVERT_WEIGHT"": 0.12, ""SOFT_LIMIT_RATIO"": 0.65, ""SPREAD_INV_COEF"": 0.46, ""SPREAD_TIME_COEF"": 0.98, ""SPREAD_VOL_COEF"": 0.84, ""STRONG_TREND_EDGE"": 2.5, ""STRONG_TREND_HOLD_EXIT_BONUS"": 0.9, ""TIME_HORIZON_TICKS"": 10000.0, ""TOXIC_SPREAD_THRESHOLD"": 15.0, ""TOXIC_VOLATILITY_THRESHOLD"": 3.2, ""TREND_BUY_TAKE_EXTRA"": 0.12, ""TREND_EDGE_THRESHOLD"": 1.0, ""TREND_ENTRY_TAKE_BONUS"": 3.0, ""TREND_FAIR_BONUS"": 0.25, ""TREND_HOLD_EXIT_BONUS"": 0.55, ""TREND_IMBALANCE_THRESHOLD"": 0.12, ""TREND_PASSIVE_PUSH"": 0.0, ""TREND_PASSIVE_SIZE_BONUS"": 2.0, ""TREND_QUOTE_LIFT_EXTRA"": 0.0, ""TREND_RESERVATION_BIAS"": 0.04, ""TREND_SELL_HOLD_EXTRA"": 0.28, ""VOL_CONTROL_WINDOW"": 8}"
plateau_random_023,random,14206.0,7403.0,6803.0,728,"{""ALPHA_EDGE_SCALE"": 1.04, ""ALPHA_IMBALANCE_SCALE"": 1.2, ""ALPHA_THRESHOLD_SCALE"": 1.0, ""BASE_QUOTE_EDGE"": 2.6, ""BASE_TAKE_EDGE"": 1.2, ""FIT_THRESHOLD"": 0.45, ""GAMMA_RANGE"": 0.34, ""GAMMA_TREND"": 0.1, ""GAMMA_VOLATILE"": 0.4, ""HISTORY_WEIGHT"": 0.25, ""HOLD_TIME_COEF"": 0.04, ""HOLD_VOL_COEF"": 0.0, ""IMBALANCE_WEIGHT"": 0.35, ""INVENTORY_SKEW"": 0.035, ""MAX_QUOTE_EDGE"": 5.0, ""MAX_TAKE_SIZE"": 10, ""MICRO_WEIGHT"": 0.3, ""MID_WEIGHT"": 0.25, ""PASSIVE_SIZE"": 8, ""POSITION_BIAS_DIVISOR"": 12.0, ""RANGE_RESERVATION_BIAS"": 0.24, ""REGRESSION_HORIZON"": 2.0, ""REGRESSION_WEIGHT"": 0.2, ""REGRESSION_WINDOW"": 8, ""RESERVATION_SCALE"": 0.14, ""RESIDUAL_REVERT_WEIGHT"": 0.12, ""SOFT_LIMIT_RATIO"": 0.65, ""SPREAD_INV_COEF"": 0.38, ""SPREAD_TIME_COEF"": 0.82, ""SPREAD_VOL_COEF"": 0.76, ""STRONG_TREND_EDGE"": 2.5, ""STRONG_TREND_HOLD_EXIT_BONUS"": 0.9, ""TIME_HORIZON_TICKS"": 10000.0, ""TOXIC_SPREAD_THRESHOLD"": 15.0, ""TOXIC_VOLATILITY_THRESHOLD"": 3.2, ""TREND_BUY_TAKE_EXTRA"": 0.04, ""TREND_EDGE_THRESHOLD"": 1.0, ""TREND_ENTRY_TAKE_BONUS"": 3.0, ""TREND_FAIR_BONUS"": 0.25, ""TREND_HOLD_EXIT_BONUS"": 0.55, ""TREND_IMBALANCE_THRESHOLD"": 0.12, ""TREND_PASSIVE_PUSH"": 0.0, ""TREND_PASSIVE_SIZE_BONUS"": 2.0, ""TREND_QUOTE_LIFT_EXTRA"": 1.0, ""TREND_RESERVATION_BIAS"": 0.02, ""TREND_SELL_HOLD_EXTRA"": 0.24, ""VOL_CONTROL_WINDOW"": 8}"
plateau_random_094,random,14205.0,7403.0,6802.0,721,"{""ALPHA_EDGE_SCALE"": 1.04, ""ALPHA_IMBALANCE_SCALE"": 1.12, ""ALPHA_THRESHOLD_SCALE"": 1.06, ""BASE_QUOTE_EDGE"": 2.8, ""BASE_TAKE_EDGE"": 1.3, ""FIT_THRESHOLD"": 0.45, ""GAMMA_RANGE"": 0.34, ""GAMMA_TREND"": 0.1, ""GAMMA_VOLATILE"": 0.4, ""HISTORY_WEIGHT"": 0.25, ""HOLD_TIME_COEF"": 0.12, ""HOLD_VOL_COEF"": 0.0, ""IMBALANCE_WEIGHT"": 0.35, ""INVENTORY_SKEW"": 0.035, ""MAX_QUOTE_EDGE"": 5.0, ""MAX_TAKE_SIZE"": 10, ""MICRO_WEIGHT"": 0.3, ""MID_WEIGHT"": 0.25, ""PASSIVE_SIZE"": 8, ""POSITION_BIAS_DIVISOR"": 12.0, ""RANGE_RESERVATION_BIAS"": 0.24, ""REGRESSION_HORIZON"": 2.0, ""REGRESSION_WEIGHT"": 0.2, ""REGRESSION_WINDOW"": 8, ""RESERVATION_SCALE"": 0.1, ""RESIDUAL_REVERT_WEIGHT"": 0.12, ""SOFT_LIMIT_RATIO"": 0.65, ""SPREAD_INV_COEF"": 0.34, ""SPREAD_TIME_COEF"": 0.82, ""SPREAD_VOL_COEF"": 0.92, ""STRONG_TREND_EDGE"": 2.5, ""STRONG_TREND_HOLD_EXIT_BONUS"": 0.9, ""TIME_HORIZON_TICKS"": 10000.0, ""TOXIC_SPREAD_THRESHOLD"": 15.0, ""TOXIC_VOLATILITY_THRESHOLD"": 3.2, ""TREND_BUY_TAKE_EXTRA"": 0.08, ""TREND_EDGE_THRESHOLD"": 1.0, ""TREND_ENTRY_TAKE_BONUS"": 3.0, ""TREND_FAIR_BONUS"": 0.25, ""TREND_HOLD_EXIT_BONUS"": 0.55, ""TREND_IMBALANCE_THRESHOLD"": 0.12, ""TREND_PASSIVE_PUSH"": 0.0, ""TREND_PASSIVE_SIZE_BONUS"": 2.0, ""TREND_QUOTE_LIFT_EXTRA"": 0.0, ""TREND_RESERVATION_BIAS"": 0.04, ""TREND_SELL_HOLD_EXTRA"": 0.28, ""VOL_CONTROL_WINDOW"": 8}"
plateau_random_018,random,14200.0,7403.0,6797.0,721,"{""ALPHA_EDGE_SCALE"": 1.06, ""ALPHA_IMBALANCE_SCALE"": 1.16, ""ALPHA_THRESHOLD_SCALE"": 1.03, ""BASE_QUOTE_EDGE"": 2.55, ""BASE_TAKE_EDGE"": 1.3, ""FIT_THRESHOLD"": 0.45, ""GAMMA_RANGE"": 0.34, ""GAMMA_TREND"": 0.1, ""GAMMA_VOLATILE"": 0.4, ""HISTORY_WEIGHT"": 0.25, ""HOLD_TIME_COEF"": 0.12, ""HOLD_VOL_COEF"": 0.0, ""IMBALANCE_WEIGHT"": 0.35, ""INVENTORY_SKEW"": 0.035, ""MAX_QUOTE_EDGE"": 5.0, ""MAX_TAKE_SIZE"": 10, ""MICRO_WEIGHT"": 0.3, ""MID_WEIGHT"": 0.25, ""PASSIVE_SIZE"": 8, ""POSITION_BIAS_DIVISOR"": 12.0, ""RANGE_RESERVATION_BIAS"": 0.2, ""REGRESSION_HORIZON"": 2.0, ""REGRESSION_WEIGHT"": 0.2, ""REGRESSION_WINDOW"": 8, ""RESERVATION_SCALE"": 0.12, ""RESIDUAL_REVERT_WEIGHT"": 0.12, ""SOFT_LIMIT_RATIO"": 0.65, ""SPREAD_INV_COEF"": 0.46, ""SPREAD_TIME_COEF"": 0.82, ""SPREAD_VOL_COEF"": 0.84, ""STRONG_TREND_EDGE"": 2.5, ""STRONG_TREND_HOLD_EXIT_BONUS"": 0.9, ""TIME_HORIZON_TICKS"": 10000.0, ""TOXIC_SPREAD_THRESHOLD"": 15.0, ""TOXIC_VOLATILITY_THRESHOLD"": 3.2, ""TREND_BUY_TAKE_EXTRA"": 0.08, ""TREND_EDGE_THRESHOLD"": 1.0, ""TREND_ENTRY_TAKE_BONUS"": 3.0, ""TREND_FAIR_BONUS"": 0.25, ""TREND_HOLD_EXIT_BONUS"": 0.55, ""TREND_IMBALANCE_THRESHOLD"": 0.12, ""TREND_PASSIVE_PUSH"": 0.0, ""TREND_PASSIVE_SIZE_BONUS"": 2.0, ""TREND_QUOTE_LIFT_EXTRA"": 0.0, ""TREND_RESERVATION_BIAS"": 0.06, ""TREND_SELL_HOLD_EXTRA"": 0.32, ""VOL_CONTROL_WINDOW"": 8}"
plateau_random_029,random,14199.0,7403.0,6796.0,721,"{""ALPHA_EDGE_SCALE"": 1.04, ""ALPHA_IMBALANCE_SCALE"": 1.2, ""ALPHA_THRESHOLD_SCALE"": 1.03, ""BASE_QUOTE_EDGE"": 2.6, ""BASE_TAKE_EDGE"": 1.25, ""FIT_THRESHOLD"": 0.45, ""GAMMA_RANGE"": 0.34, ""GAMMA_TREND"": 0.1, ""GAMMA_VOLATILE"": 0.4, ""HISTORY_WEIGHT"": 0.25, ""HOLD_TIME_COEF"": 0.08, ""HOLD_VOL_COEF"": 0.0, ""IMBALANCE_WEIGHT"": 0.35, ""INVENTORY_SKEW"": 0.035, ""MAX_QUOTE_EDGE"": 5.0, ""MAX_TAKE_SIZE"": 10, ""MICRO_WEIGHT"": 0.3, ""MID_WEIGHT"": 0.25, ""PASSIVE_SIZE"": 8, ""POSITION_BIAS_DIVISOR"": 12.0, ""RANGE_RESERVATION_BIAS"": 0.16, ""REGRESSION_HORIZON"": 2.0, ""REGRESSION_WEIGHT"": 0.2, ""REGRESSION_WINDOW"": 8, ""RESERVATION_SCALE"": 0.1, ""RESIDUAL_REVERT_WEIGHT"": 0.12, ""SOFT_LIMIT_RATIO"": 0.65, ""SPREAD_INV_COEF"": 0.42, ""SPREAD_TIME_COEF"": 0.74, ""SPREAD_VOL_COEF"": 1.0, ""STRONG_TREND_EDGE"": 2.5, ""STRONG_TREND_HOLD_EXIT_BONUS"": 0.9, ""TIME_HORIZON_TICKS"": 10000.0, ""TOXIC_SPREAD_THRESHOLD"": 15.0, ""TOXIC_VOLATILITY_THRESHOLD"": 3.2, ""TREND_BUY_TAKE_EXTRA"": 0.12, ""TREND_EDGE_THRESHOLD"": 1.0, ""TREND_ENTRY_TAKE_BONUS"": 3.0, ""TREND_FAIR_BONUS"": 0.25, ""TREND_HOLD_EXIT_BONUS"": 0.55, ""TREND_IMBALANCE_THRESHOLD"": 0.12, ""TREND_PASSIVE_PUSH"": 0.0, ""TREND_PASSIVE_SIZE_BONUS"": 2.0, ""TREND_QUOTE_LIFT_EXTRA"": 0.0, ""TREND_RESERVATION_BIAS"": 0.04, ""TREND_SELL_HOLD_EXTRA"": 0.24, ""VOL_CONTROL_WINDOW"": 8}"
plateau_random_009,random,14195.0,7403.0,6792.0,728,"{""ALPHA_EDGE_SCALE"": 1.08, ""ALPHA_IMBALANCE_SCALE"": 1.12, ""ALPHA_THRESHOLD_SCALE"": 1.0, ""BASE_QUOTE_EDGE"": 2.55, ""BASE_TAKE_EDGE"": 1.25, ""FIT_THRESHOLD"": 0.45, ""GAMMA_RANGE"": 0.34, ""GAMMA_TREND"": 0.1, ""GAMMA_VOLATILE"": 0.4, ""HISTORY_WEIGHT"": 0.25, ""HOLD_TIME_COEF"": 0.04, ""HOLD_VOL_COEF"": 0.0, ""IMBALANCE_WEIGHT"": 0.35, ""INVENTORY_SKEW"": 0.035, ""MAX_QUOTE_EDGE"": 5.0, ""MAX_TAKE_SIZE"": 10, ""MICRO_WEIGHT"": 0.3, ""MID_WEIGHT"": 0.25, ""PASSIVE_SIZE"": 8, ""POSITION_BIAS_DIVISOR"": 12.0, ""RANGE_RESERVATION_BIAS"": 0.24, ""REGRESSION_HORIZON"": 2.0, ""REGRESSION_WEIGHT"": 0.2, ""REGRESSION_WINDOW"": 8, ""RESERVATION_SCALE"": 0.16, ""RESIDUAL_REVERT_WEIGHT"": 0.12, ""SOFT_LIMIT_RATIO"": 0.65, ""SPREAD_INV_COEF"": 0.34, ""SPREAD_TIME_COEF"": 0.82, ""SPREAD_VOL_COEF"": 0.84, ""STRONG_TREND_EDGE"": 2.5, ""STRONG_TREND_HOLD_EXIT_BONUS"": 0.9, ""TIME_HORIZON_TICKS"": 10000.0, ""TOXIC_SPREAD_THRESHOLD"": 15.0, ""TOXIC_VOLATILITY_THRESHOLD"": 3.2, ""TREND_BUY_TAKE_EXTRA"": 0.08, ""TREND_EDGE_THRESHOLD"": 1.0, ""TREND_ENTRY_TAKE_BONUS"": 3.0, ""TREND_FAIR_BONUS"": 0.25, ""TREND_HOLD_EXIT_BONUS"": 0.55, ""TREND_IMBALANCE_THRESHOLD"": 0.12, ""TREND_PASSIVE_PUSH"": 0.0, ""TREND_PASSIVE_SIZE_BONUS"": 2.0, ""TREND_QUOTE_LIFT_EXTRA"": 2.0, ""TREND_RESERVATION_BIAS"": 0.04, ""TREND_SELL_HOLD_EXTRA"": 0.28, ""VOL_CONTROL_WINDOW"": 8}"
plateau_random_011,random,14192.0,7403.0,6789.0,721,"{""ALPHA_EDGE_SCALE"": 1.1, ""ALPHA_IMBALANCE_SCALE"": 1.24, ""ALPHA_THRESHOLD_SCALE"": 1.06, ""BASE_QUOTE_EDGE"": 2.55, ""BASE_TAKE_EDGE"": 1.25, ""FIT_THRESHOLD"": 0.45, ""GAMMA_RANGE"": 0.34, ""GAMMA_TREND"": 0.1, ""GAMMA_VOLATILE"": 0.4, ""HISTORY_WEIGHT"": 0.25, ""HOLD_TIME_COEF"": 0.08, ""HOLD_VOL_COEF"": 0.0, ""IMBALANCE_WEIGHT"": 0.35, ""INVENTORY_SKEW"": 0.035, ""MAX_QUOTE_EDGE"": 5.0, ""MAX_TAKE_SIZE"": 10, ""MICRO_WEIGHT"": 0.3, ""MID_WEIGHT"": 0.25, ""PASSIVE_SIZE"": 8, ""POSITION_BIAS_DIVISOR"": 12.0, ""RANGE_RESERVATION_BIAS"": 0.16, ""REGRESSION_HORIZON"": 2.0, ""REGRESSION_WEIGHT"": 0.2, ""REGRESSION_WINDOW"": 8, ""RESERVATION_SCALE"": 0.1, ""RESIDUAL_REVERT_WEIGHT"": 0.12, ""SOFT_LIMIT_RATIO"": 0.65, ""SPREAD_INV_COEF"": 0.46, ""SPREAD_TIME_COEF"": 0.74, ""SPREAD_VOL_COEF"": 0.84, ""STRONG_TREND_EDGE"": 2.5, ""STRONG_TREND_HOLD_EXIT_BONUS"": 0.9, ""TIME_HORIZON_TICKS"": 10000.0, ""TOXIC_SPREAD_THRESHOLD"": 15.0, ""TOXIC_VOLATILITY_THRESHOLD"": 3.2, ""TREND_BUY_TAKE_EXTRA"": 0.12, ""TREND_EDGE_THRESHOLD"": 1.0, ""TREND_ENTRY_TAKE_BONUS"": 3.0, ""TREND_FAIR_BONUS"": 0.25, ""TREND_HOLD_EXIT_BONUS"": 0.55, ""TREND_IMBALANCE_THRESHOLD"": 0.12, ""TREND_PASSIVE_PUSH"": 0.0, ""TREND_PASSIVE_SIZE_BONUS"": 2.0, ""TREND_QUOTE_LIFT_EXTRA"": 2.0, ""TREND_RESERVATION_BIAS"": 0.06, ""TREND_SELL_HOLD_EXTRA"": 0.24, ""VOL_CONTROL_WINDOW"": 8}"
plateau_random_045,random,14189.0,7403.0,6786.0,721,"{""ALPHA_EDGE_SCALE"": 1.06, ""ALPHA_IMBALANCE_SCALE"": 1.24, ""ALPHA_THRESHOLD_SCALE"": 1.06, ""BASE_QUOTE_EDGE"": 2.65, ""BASE_TAKE_EDGE"": 1.2, ""FIT_THRESHOLD"": 0.45, ""GAMMA_RANGE"": 0.34, ""GAMMA_TREND"": 0.1, ""GAMMA_VOLATILE"": 0.4, ""HISTORY_WEIGHT"": 0.25, ""HOLD_TIME_COEF"": 0.12, ""HOLD_VOL_COEF"": 0.0, ""IMBALANCE_WEIGHT"": 0.35, ""INVENTORY_SKEW"": 0.035, ""MAX_QUOTE_EDGE"": 5.0, ""MAX_TAKE_SIZE"": 10, ""MICRO_WEIGHT"": 0.3, ""MID_WEIGHT"": 0.25, ""PASSIVE_SIZE"": 8, ""POSITION_BIAS_DIVISOR"": 12.0, ""RANGE_RESERVATION_BIAS"": 0.24, ""REGRESSION_HORIZON"": 2.0, ""REGRESSION_WEIGHT"": 0.2, ""REGRESSION_WINDOW"": 8, ""RESERVATION_SCALE"": 0.1, ""RESIDUAL_REVERT_WEIGHT"": 0.12, ""SOFT_LIMIT_RATIO"": 0.65, ""SPREAD_INV_COEF"": 0.46, ""SPREAD_TIME_COEF"": 0.82, ""SPREAD_VOL_COEF"": 0.92, ""STRONG_TREND_EDGE"": 2.5, ""STRONG_TREND_HOLD_EXIT_BONUS"": 0.9, ""TIME_HORIZON_TICKS"": 10000.0, ""TOXIC_SPREAD_THRESHOLD"": 15.0, ""TOXIC_VOLATILITY_THRESHOLD"": 3.2, ""TREND_BUY_TAKE_EXTRA"": 0.04, ""TREND_EDGE_THRESHOLD"": 1.0, ""TREND_ENTRY_TAKE_BONUS"": 3.0, ""TREND_FAIR_BONUS"": 0.25, ""TREND_HOLD_EXIT_BONUS"": 0.55, ""TREND_IMBALANCE_THRESHOLD"": 0.12, ""TREND_PASSIVE_PUSH"": 0.0, ""TREND_PASSIVE_SIZE_BONUS"": 2.0, ""TREND_QUOTE_LIFT_EXTRA"": 0.0, ""TREND_RESERVATION_BIAS"": 0.04, ""TREND_SELL_HOLD_EXTRA"": 0.2, ""VOL_CONTROL_WINDOW"": 8}"
plateau_random_093,random,14189.0,7403.0,6786.0,721,"{""ALPHA_EDGE_SCALE"": 1.08, ""ALPHA_IMBALANCE_SCALE"": 1.24, ""ALPHA_THRESHOLD_SCALE"": 1.06, ""BASE_QUOTE_EDGE"": 2.8, ""BASE_TAKE_EDGE"": 1.3, ""FIT_THRESHOLD"": 0.45, ""GAMMA_RANGE"": 0.34, ""GAMMA_TREND"": 0.1, ""GAMMA_VOLATILE"": 0.4, ""HISTORY_WEIGHT"": 0.25, ""HOLD_TIME_COEF"": 0.08, ""HOLD_VOL_COEF"": 0.0, ""IMBALANCE_WEIGHT"": 0.35, ""INVENTORY_SKEW"": 0.035, ""MAX_QUOTE_EDGE"": 5.0, ""MAX_TAKE_SIZE"": 10, ""MICRO_WEIGHT"": 0.3, ""MID_WEIGHT"": 0.25, ""PASSIVE_SIZE"": 8, ""POSITION_BIAS_DIVISOR"": 12.0, ""RANGE_RESERVATION_BIAS"": 0.16, ""REGRESSION_HORIZON"": 2.0, ""REGRESSION_WEIGHT"": 0.2, ""REGRESSION_WINDOW"": 8, ""RESERVATION_SCALE"": 0.12, ""RESIDUAL_REVERT_WEIGHT"": 0.12, ""SOFT_LIMIT_RATIO"": 0.65, ""SPREAD_INV_COEF"": 0.34, ""SPREAD_TIME_COEF"": 0.82, ""SPREAD_VOL_COEF"": 0.76, ""STRONG_TREND_EDGE"": 2.5, ""STRONG_TREND_HOLD_EXIT_BONUS"": 0.9, ""TIME_HORIZON_TICKS"": 10000.0, ""TOXIC_SPREAD_THRESHOLD"": 15.0, ""TOXIC_VOLATILITY_THRESHOLD"": 3.2, ""TREND_BUY_TAKE_EXTRA"": 0.08, ""TREND_EDGE_THRESHOLD"": 1.0, ""TREND_ENTRY_TAKE_BONUS"": 3.0, ""TREND_FAIR_BONUS"": 0.25, ""TREND_HOLD_EXIT_BONUS"": 0.55, ""TREND_IMBALANCE_THRESHOLD"": 0.12, ""TREND_PASSIVE_PUSH"": 0.0, ""TREND_PASSIVE_SIZE_BONUS"": 2.0, ""TREND_QUOTE_LIFT_EXTRA"": 1.0, ""TREND_RESERVATION_BIAS"": 0.02, ""TREND_SELL_HOLD_EXTRA"": 0.28, ""VOL_CONTROL_WINDOW"": 8}"
plateau_random_069,random,14188.0,7403.0,6785.0,720,"{""ALPHA_EDGE_SCALE"": 1.06, ""ALPHA_IMBALANCE_SCALE"": 1.12, ""ALPHA_THRESHOLD_SCALE"": 1.0, ""BASE_QUOTE_EDGE"": 2.75, ""BASE_TAKE_EDGE"": 1.15, ""FIT_THRESHOLD"": 0.45, ""GAMMA_RANGE"": 0.34, ""GAMMA_TREND"": 0.1, ""GAMMA_VOLATILE"": 0.4, ""HISTORY_WEIGHT"": 0.25, ""HOLD_TIME_COEF"": 0.12, ""HOLD_VOL_COEF"": 0.0, ""IMBALANCE_WEIGHT"": 0.35, ""INVENTORY_SKEW"": 0.035, ""MAX_QUOTE_EDGE"": 5.0, ""MAX_TAKE_SIZE"": 10, ""MICRO_WEIGHT"": 0.3, ""MID_WEIGHT"": 0.25, ""PASSIVE_SIZE"": 8, ""POSITION_BIAS_DIVISOR"": 12.0, ""RANGE_RESERVATION_BIAS"": 0.2, ""REGRESSION_HORIZON"": 2.0, ""REGRESSION_WEIGHT"": 0.2, ""REGRESSION_WINDOW"": 8, ""RESERVATION_SCALE"": 0.12, ""RESIDUAL_REVERT_WEIGHT"": 0.12, ""SOFT_LIMIT_RATIO"": 0.65, ""SPREAD_INV_COEF"": 0.42, ""SPREAD_TIME_COEF"": 0.82, ""SPREAD_VOL_COEF"": 0.92, ""STRONG_TREND_EDGE"": 2.5, ""STRONG_TREND_HOLD_EXIT_BONUS"": 0.9, ""TIME_HORIZON_TICKS"": 10000.0, ""TOXIC_SPREAD_THRESHOLD"": 15.0, ""TOXIC_VOLATILITY_THRESHOLD"": 3.2, ""TREND_BUY_TAKE_EXTRA"": 0.12, ""TREND_EDGE_THRESHOLD"": 1.0, ""TREND_ENTRY_TAKE_BONUS"": 3.0, ""TREND_FAIR_BONUS"": 0.25, ""TREND_HOLD_EXIT_BONUS"": 0.55, ""TREND_IMBALANCE_THRESHOLD"": 0.12, ""TREND_PASSIVE_PUSH"": 0.0, ""TREND_PASSIVE_SIZE_BONUS"": 2.0, ""TREND_QUOTE_LIFT_EXTRA"": 1.0, ""TREND_RESERVATION_BIAS"": 0.02, ""TREND_SELL_HOLD_EXTRA"": 0.2, ""VOL_CONTROL_WINDOW"": 8}"
plateau_random_053,random,14187.0,7403.0,6784.0,721,"{""ALPHA_EDGE_SCALE"": 1.1, ""ALPHA_IMBALANCE_SCALE"": 1.2, ""ALPHA_THRESHOLD_SCALE"": 1.0, ""BASE_QUOTE_EDGE"": 2.65, ""BASE_TAKE_EDGE"": 1.3, ""FIT_THRESHOLD"": 0.45, ""GAMMA_RANGE"": 0.34, ""GAMMA_TREND"": 0.1, ""GAMMA_VOLATILE"": 0.4, ""HISTORY_WEIGHT"": 0.25, ""HOLD_TIME_COEF"": 0.04, ""HOLD_VOL_COEF"": 0.0, ""IMBALANCE_WEIGHT"": 0.35, ""INVENTORY_SKEW"": 0.035, ""MAX_QUOTE_EDGE"": 5.0, ""MAX_TAKE_SIZE"": 10, ""MICRO_WEIGHT"": 0.3, ""MID_WEIGHT"": 0.25, ""PASSIVE_SIZE"": 8, ""POSITION_BIAS_DIVISOR"": 12.0, ""RANGE_RESERVATION_BIAS"": 0.16, ""REGRESSION_HORIZON"": 2.0, ""REGRESSION_WEIGHT"": 0.2, ""REGRESSION_WINDOW"": 8, ""RESERVATION_SCALE"": 0.1, ""RESIDUAL_REVERT_WEIGHT"": 0.12, ""SOFT_LIMIT_RATIO"": 0.65, ""SPREAD_INV_COEF"": 0.38, ""SPREAD_TIME_COEF"": 0.82, ""SPREAD_VOL_COEF"": 1.0, ""STRONG_TREND_EDGE"": 2.5, ""STRONG_TREND_HOLD_EXIT_BONUS"": 0.9, ""TIME_HORIZON_TICKS"": 10000.0, ""TOXIC_SPREAD_THRESHOLD"": 15.0, ""TOXIC_VOLATILITY_THRESHOLD"": 3.2, ""TREND_BUY_TAKE_EXTRA"": 0.04, ""TREND_EDGE_THRESHOLD"": 1.0, ""TREND_ENTRY_TAKE_BONUS"": 3.0, ""TREND_FAIR_BONUS"": 0.25, ""TREND_HOLD_EXIT_BONUS"": 0.55, ""TREND_IMBALANCE_THRESHOLD"": 0.12, ""TREND_PASSIVE_PUSH"": 0.0, ""TREND_PASSIVE_SIZE_BONUS"": 2.0, ""TREND_QUOTE_LIFT_EXTRA"": 0.0, ""TREND_RESERVATION_BIAS"": 0.06, ""TREND_SELL_HOLD_EXTRA"": 0.2, ""VOL_CONTROL_WINDOW"": 8}"
plateau_random_025,random,14186.0,7403.0,6783.0,728,"{""ALPHA_EDGE_SCALE"": 1.1, ""ALPHA_IMBALANCE_SCALE"": 1.24, ""ALPHA_THRESHOLD_SCALE"": 1.03, ""BASE_QUOTE_EDGE"": 2.6, ""BASE_TAKE_EDGE"": 1.25, ""FIT_THRESHOLD"": 0.45, ""GAMMA_RANGE"": 0.34, ""GAMMA_TREND"": 0.1, ""GAMMA_VOLATILE"": 0.4, ""HISTORY_WEIGHT"": 0.25, ""HOLD_TIME_COEF"": 0.04, ""HOLD_VOL_COEF"": 0.0, ""IMBALANCE_WEIGHT"": 0.35, ""INVENTORY_SKEW"": 0.035, ""MAX_QUOTE_EDGE"": 5.0, ""MAX_TAKE_SIZE"": 10, ""MICRO_WEIGHT"": 0.3, ""MID_WEIGHT"": 0.25, ""PASSIVE_SIZE"": 8, ""POSITION_BIAS_DIVISOR"": 12.0, ""RANGE_RESERVATION_BIAS"": 0.24, ""REGRESSION_HORIZON"": 2.0, ""REGRESSION_WEIGHT"": 0.2, ""REGRESSION_WINDOW"": 8, ""RESERVATION_SCALE"": 0.12, ""RESIDUAL_REVERT_WEIGHT"": 0.12, ""SOFT_LIMIT_RATIO"": 0.65, ""SPREAD_INV_COEF"": 0.34, ""SPREAD_TIME_COEF"": 0.98, ""SPREAD_VOL_COEF"": 0.76, ""STRONG_TREND_EDGE"": 2.5, ""STRONG_TREND_HOLD_EXIT_BONUS"": 0.9, ""TIME_HORIZON_TICKS"": 10000.0, ""TOXIC_SPREAD_THRESHOLD"": 15.0, ""TOXIC_VOLATILITY_THRESHOLD"": 3.2, ""TREND_BUY_TAKE_EXTRA"": 0.04, ""TREND_EDGE_THRESHOLD"": 1.0, ""TREND_ENTRY_TAKE_BONUS"": 3.0, ""TREND_FAIR_BONUS"": 0.25, ""TREND_HOLD_EXIT_BONUS"": 0.55, ""TREND_IMBALANCE_THRESHOLD"": 0.12, ""TREND_PASSIVE_PUSH"": 0.0, ""TREND_PASSIVE_SIZE_BONUS"": 2.0, ""TREND_QUOTE_LIFT_EXTRA"": 0.0, ""TREND_RESERVATION_BIAS"": 0.04, ""TREND_SELL_HOLD_EXTRA"": 0.24, ""VOL_CONTROL_WINDOW"": 8}"
plateau_random_021,random,14185.0,7403.0,6782.0,725,"{""ALPHA_EDGE_SCALE"": 1.08, ""ALPHA_IMBALANCE_SCALE"": 1.16, ""ALPHA_THRESHOLD_SCALE"": 1.03, ""BASE_QUOTE_EDGE"": 2.6, ""BASE_TAKE_EDGE"": 1.15, ""FIT_THRESHOLD"": 0.45, ""GAMMA_RANGE"": 0.34, ""GAMMA_TREND"": 0.1, ""GAMMA_VOLATILE"": 0.4, ""HISTORY_WEIGHT"": 0.25, ""HOLD_TIME_COEF"": 0.08, ""HOLD_VOL_COEF"": 0.0, ""IMBALANCE_WEIGHT"": 0.35, ""INVENTORY_SKEW"": 0.035, ""MAX_QUOTE_EDGE"": 5.0, ""MAX_TAKE_SIZE"": 10, ""MICRO_WEIGHT"": 0.3, ""MID_WEIGHT"": 0.25, ""PASSIVE_SIZE"": 8, ""POSITION_BIAS_DIVISOR"": 12.0, ""RANGE_RESERVATION_BIAS"": 0.24, ""REGRESSION_HORIZON"": 2.0, ""REGRESSION_WEIGHT"": 0.2, ""REGRESSION_WINDOW"": 8, ""RESERVATION_SCALE"": 0.1, ""RESIDUAL_REVERT_WEIGHT"": 0.12, ""SOFT_LIMIT_RATIO"": 0.65, ""SPREAD_INV_COEF"": 0.42, ""SPREAD_TIME_COEF"": 0.74, ""SPREAD_VOL_COEF"": 0.92, ""STRONG_TREND_EDGE"": 2.5, ""STRONG_TREND_HOLD_EXIT_BONUS"": 0.9, ""TIME_HORIZON_TICKS"": 10000.0, ""TOXIC_SPREAD_THRESHOLD"": 15.0, ""TOXIC_VOLATILITY_THRESHOLD"": 3.2, ""TREND_BUY_TAKE_EXTRA"": 0.04, ""TREND_EDGE_THRESHOLD"": 1.0, ""TREND_ENTRY_TAKE_BONUS"": 3.0, ""TREND_FAIR_BONUS"": 0.25, ""TREND_HOLD_EXIT_BONUS"": 0.55, ""TREND_IMBALANCE_THRESHOLD"": 0.12, ""TREND_PASSIVE_PUSH"": 0.0, ""TREND_PASSIVE_SIZE_BONUS"": 2.0, ""TREND_QUOTE_LIFT_EXTRA"": 1.0, ""TREND_RESERVATION_BIAS"": 0.02, ""TREND_SELL_HOLD_EXTRA"": 0.28, ""VOL_CONTROL_WINDOW"": 8}"
plateau_random_082,random,14185.0,7403.0,6782.0,721,"{""ALPHA_EDGE_SCALE"": 1.08, ""ALPHA_IMBALANCE_SCALE"": 1.16, ""ALPHA_THRESHOLD_SCALE"": 1.0, ""BASE_QUOTE_EDGE"": 2.75, ""BASE_TAKE_EDGE"": 1.3, ""FIT_THRESHOLD"": 0.45, ""GAMMA_RANGE"": 0.34, ""GAMMA_TREND"": 0.1, ""GAMMA_VOLATILE"": 0.4, ""HISTORY_WEIGHT"": 0.25, ""HOLD_TIME_COEF"": 0.12, ""HOLD_VOL_COEF"": 0.0, ""IMBALANCE_WEIGHT"": 0.35, ""INVENTORY_SKEW"": 0.035, ""MAX_QUOTE_EDGE"": 5.0, ""MAX_TAKE_SIZE"": 10, ""MICRO_WEIGHT"": 0.3, ""MID_WEIGHT"": 0.25, ""PASSIVE_SIZE"": 8, ""POSITION_BIAS_DIVISOR"": 12.0, ""RANGE_RESERVATION_BIAS"": 0.16, ""REGRESSION_HORIZON"": 2.0, ""REGRESSION_WEIGHT"": 0.2, ""REGRESSION_WINDOW"": 8, ""RESERVATION_SCALE"": 0.1, ""RESIDUAL_REVERT_WEIGHT"": 0.12, ""SOFT_LIMIT_RATIO"": 0.65, ""SPREAD_INV_COEF"": 0.34, ""SPREAD_TIME_COEF"": 0.98, ""SPREAD_VOL_COEF"": 0.92, ""STRONG_TREND_EDGE"": 2.5, ""STRONG_TREND_HOLD_EXIT_BONUS"": 0.9, ""TIME_HORIZON_TICKS"": 10000.0, ""TOXIC_SPREAD_THRESHOLD"": 15.0, ""TOXIC_VOLATILITY_THRESHOLD"": 3.2, ""TREND_BUY_TAKE_EXTRA"": 0.04, ""TREND_EDGE_THRESHOLD"": 1.0, ""TREND_ENTRY_TAKE_BONUS"": 3.0, ""TREND_FAIR_BONUS"": 0.25, ""TREND_HOLD_EXIT_BONUS"": 0.55, ""TREND_IMBALANCE_THRESHOLD"": 0.12, ""TREND_PASSIVE_PUSH"": 0.0, ""TREND_PASSIVE_SIZE_BONUS"": 2.0, ""TREND_QUOTE_LIFT_EXTRA"": 1.0, ""TREND_RESERVATION_BIAS"": 0.06, ""TREND_SELL_HOLD_EXTRA"": 0.24, ""VOL_CONTROL_WINDOW"": 8}"
plateau_random_008,random,14184.0,7403.0,6781.0,720,"{""ALPHA_EDGE_SCALE"": 1.06, ""ALPHA_IMBALANCE_SCALE"": 1.2, ""ALPHA_THRESHOLD_SCALE"": 1.03, ""BASE_QUOTE_EDGE"": 2.55, ""BASE_TAKE_EDGE"": 1.2, ""FIT_THRESHOLD"": 0.45, ""GAMMA_RANGE"": 0.34, ""GAMMA_TREND"": 0.1, ""GAMMA_VOLATILE"": 0.4, ""HISTORY_WEIGHT"": 0.25, ""HOLD_TIME_COEF"": 0.04, ""HOLD_VOL_COEF"": 0.0, ""IMBALANCE_WEIGHT"": 0.35, ""INVENTORY_SKEW"": 0.035, ""MAX_QUOTE_EDGE"": 5.0, ""MAX_TAKE_SIZE"": 10, ""MICRO_WEIGHT"": 0.3, ""MID_WEIGHT"": 0.25, ""PASSIVE_SIZE"": 8, ""POSITION_BIAS_DIVISOR"": 12.0, ""RANGE_RESERVATION_BIAS"": 0.2, ""REGRESSION_HORIZON"": 2.0, ""REGRESSION_WEIGHT"": 0.2, ""REGRESSION_WINDOW"": 8, ""RESERVATION_SCALE"": 0.14, ""RESIDUAL_REVERT_WEIGHT"": 0.12, ""SOFT_LIMIT_RATIO"": 0.65, ""SPREAD_INV_COEF"": 0.42, ""SPREAD_TIME_COEF"": 0.98, ""SPREAD_VOL_COEF"": 1.0, ""STRONG_TREND_EDGE"": 2.5, ""STRONG_TREND_HOLD_EXIT_BONUS"": 0.9, ""TIME_HORIZON_TICKS"": 10000.0, ""TOXIC_SPREAD_THRESHOLD"": 15.0, ""TOXIC_VOLATILITY_THRESHOLD"": 3.2, ""TREND_BUY_TAKE_EXTRA"": 0.04, ""TREND_EDGE_THRESHOLD"": 1.0, ""TREND_ENTRY_TAKE_BONUS"": 3.0, ""TREND_FAIR_BONUS"": 0.25, ""TREND_HOLD_EXIT_BONUS"": 0.55, ""TREND_IMBALANCE_THRESHOLD"": 0.12, ""TREND_PASSIVE_PUSH"": 0.0, ""TREND_PASSIVE_SIZE_BONUS"": 2.0, ""TREND_QUOTE_LIFT_EXTRA"": 2.0, ""TREND_RESERVATION_BIAS"": 0.04, ""TREND_SELL_HOLD_EXTRA"": 0.24, ""VOL_CONTROL_WINDOW"": 8}"
plateau_random_007,random,14181.0,7403.0,6778.0,721,"{""ALPHA_EDGE_SCALE"": 1.04, ""ALPHA_IMBALANCE_SCALE"": 1.16, ""ALPHA_THRESHOLD_SCALE"": 1.06, ""BASE_QUOTE_EDGE"": 2.55, ""BASE_TAKE_EDGE"": 1.2, ""FIT_THRESHOLD"": 0.45, ""GAMMA_RANGE"": 0.34, ""GAMMA_TREND"": 0.1, ""GAMMA_VOLATILE"": 0.4, ""HISTORY_WEIGHT"": 0.25, ""HOLD_TIME_COEF"": 0.04, ""HOLD_VOL_COEF"": 0.0, ""IMBALANCE_WEIGHT"": 0.35, ""INVENTORY_SKEW"": 0.035, ""MAX_QUOTE_EDGE"": 5.0, ""MAX_TAKE_SIZE"": 10, ""MICRO_WEIGHT"": 0.3, ""MID_WEIGHT"": 0.25, ""PASSIVE_SIZE"": 8, ""POSITION_BIAS_DIVISOR"": 12.0, ""RANGE_RESERVATION_BIAS"": 0.24, ""REGRESSION_HORIZON"": 2.0, ""REGRESSION_WEIGHT"": 0.2, ""REGRESSION_WINDOW"": 8, ""RESERVATION_SCALE"": 0.1, ""RESIDUAL_REVERT_WEIGHT"": 0.12, ""SOFT_LIMIT_RATIO"": 0.65, ""SPREAD_INV_COEF"": 0.42, ""SPREAD_TIME_COEF"": 0.82, ""SPREAD_VOL_COEF"": 0.84, ""STRONG_TREND_EDGE"": 2.5, ""STRONG_TREND_HOLD_EXIT_BONUS"": 0.9, ""TIME_HORIZON_TICKS"": 10000.0, ""TOXIC_SPREAD_THRESHOLD"": 15.0, ""TOXIC_VOLATILITY_THRESHOLD"": 3.2, ""TREND_BUY_TAKE_EXTRA"": 0.08, ""TREND_EDGE_THRESHOLD"": 1.0, ""TREND_ENTRY_TAKE_BONUS"": 3.0, ""TREND_FAIR_BONUS"": 0.25, ""TREND_HOLD_EXIT_BONUS"": 0.55, ""TREND_IMBALANCE_THRESHOLD"": 0.12, ""TREND_PASSIVE_PUSH"": 0.0, ""TREND_PASSIVE_SIZE_BONUS"": 2.0, ""TREND_QUOTE_LIFT_EXTRA"": 0.0, ""TREND_RESERVATION_BIAS"": 0.02, ""TREND_SELL_HOLD_EXTRA"": 0.28, ""VOL_CONTROL_WINDOW"": 8}"
plateau_random_031,random,14181.0,7403.0,6778.0,721,"{""ALPHA_EDGE_SCALE"": 1.06, ""ALPHA_IMBALANCE_SCALE"": 1.2, ""ALPHA_THRESHOLD_SCALE"": 1.06, ""BASE_QUOTE_EDGE"": 2.6, ""BASE_TAKE_EDGE"": 1.3, ""FIT_THRESHOLD"": 0.45, ""GAMMA_RANGE"": 0.34, ""GAMMA_TREND"": 0.1, ""GAMMA_VOLATILE"": 0.4, ""HISTORY_WEIGHT"": 0.25, ""HOLD_TIME_COEF"": 0.04, ""HOLD_VOL_COEF"": 0.0, ""IMBALANCE_WEIGHT"": 0.35, ""INVENTORY_SKEW"": 0.035, ""MAX_QUOTE_EDGE"": 5.0, ""MAX_TAKE_SIZE"": 10, ""MICRO_WEIGHT"": 0.3, ""MID_WEIGHT"": 0.25, ""PASSIVE_SIZE"": 8, ""POSITION_BIAS_DIVISOR"": 12.0, ""RANGE_RESERVATION_BIAS"": 0.16, ""REGRESSION_HORIZON"": 2.0, ""REGRESSION_WEIGHT"": 0.2, ""REGRESSION_WINDOW"": 8, ""RESERVATION_SCALE"": 0.1, ""RESIDUAL_REVERT_WEIGHT"": 0.12, ""SOFT_LIMIT_RATIO"": 0.65, ""SPREAD_INV_COEF"": 0.38, ""SPREAD_TIME_COEF"": 0.9, ""SPREAD_VOL_COEF"": 0.84, ""STRONG_TREND_EDGE"": 2.5, ""STRONG_TREND_HOLD_EXIT_BONUS"": 0.9, ""TIME_HORIZON_TICKS"": 10000.0, ""TOXIC_SPREAD_THRESHOLD"": 15.0, ""TOXIC_VOLATILITY_THRESHOLD"": 3.2, ""TREND_BUY_TAKE_EXTRA"": 0.08, ""TREND_EDGE_THRESHOLD"": 1.0, ""TREND_ENTRY_TAKE_BONUS"": 3.0, ""TREND_FAIR_BONUS"": 0.25, ""TREND_HOLD_EXIT_BONUS"": 0.55, ""TREND_IMBALANCE_THRESHOLD"": 0.12, ""TREND_PASSIVE_PUSH"": 0.0, ""TREND_PASSIVE_SIZE_BONUS"": 2.0, ""TREND_QUOTE_LIFT_EXTRA"": 0.0, ""TREND_RESERVATION_BIAS"": 0.06, ""TREND_SELL_HOLD_EXTRA"": 0.24, ""VOL_CONTROL_WINDOW"": 8}"
plateau_random_066,random,14179.0,7403.0,6776.0,725,"{""ALPHA_EDGE_SCALE"": 1.08, ""ALPHA_IMBALANCE_SCALE"": 1.24, ""ALPHA_THRESHOLD_SCALE"": 1.0, ""BASE_QUOTE_EDGE"": 2.7, ""BASE_TAKE_EDGE"": 1.25, ""FIT_THRESHOLD"": 0.45, ""GAMMA_RANGE"": 0.34, ""GAMMA_TREND"": 0.1, ""GAMMA_VOLATILE"": 0.4, ""HISTORY_WEIGHT"": 0.25, ""HOLD_TIME_COEF"": 0.04, ""HOLD_VOL_COEF"": 0.0, ""IMBALANCE_WEIGHT"": 0.35, ""INVENTORY_SKEW"": 0.035, ""MAX_QUOTE_EDGE"": 5.0, ""MAX_TAKE_SIZE"": 10, ""MICRO_WEIGHT"": 0.3, ""MID_WEIGHT"": 0.25, ""PASSIVE_SIZE"": 8, ""POSITION_BIAS_DIVISOR"": 12.0, ""RANGE_RESERVATION_BIAS"": 0.24, ""REGRESSION_HORIZON"": 2.0, ""REGRESSION_WEIGHT"": 0.2, ""REGRESSION_WINDOW"": 8, ""RESERVATION_SCALE"": 0.12, ""RESIDUAL_REVERT_WEIGHT"": 0.12, ""SOFT_LIMIT_RATIO"": 0.65, ""SPREAD_INV_COEF"": 0.38, ""SPREAD_TIME_COEF"": 0.82, ""SPREAD_VOL_COEF"": 1.0, ""STRONG_TREND_EDGE"": 2.5, ""STRONG_TREND_HOLD_EXIT_BONUS"": 0.9, ""TIME_HORIZON_TICKS"": 10000.0, ""TOXIC_SPREAD_THRESHOLD"": 15.0, ""TOXIC_VOLATILITY_THRESHOLD"": 3.2, ""TREND_BUY_TAKE_EXTRA"": 0.12, ""TREND_EDGE_THRESHOLD"": 1.0, ""TREND_ENTRY_TAKE_BONUS"": 3.0, ""TREND_FAIR_BONUS"": 0.25, ""TREND_HOLD_EXIT_BONUS"": 0.55, ""TREND_IMBALANCE_THRESHOLD"": 0.12, ""TREND_PASSIVE_PUSH"": 0.0, ""TREND_PASSIVE_SIZE_BONUS"": 2.0, ""TREND_QUOTE_LIFT_EXTRA"": 1.0, ""TREND_RESERVATION_BIAS"": 0.06, ""TREND_SELL_HOLD_EXTRA"": 0.2, ""VOL_CONTROL_WINDOW"": 8}"
plateau_random_003,random,14176.0,7403.0,6773.0,720,"{""ALPHA_EDGE_SCALE"": 1.04, ""ALPHA_IMBALANCE_SCALE"": 1.16, ""ALPHA_THRESHOLD_SCALE"": 1.06, ""BASE_QUOTE_EDGE"": 2.55, ""BASE_TAKE_EDGE"": 1.15, ""FIT_THRESHOLD"": 0.45, ""GAMMA_RANGE"": 0.34, ""GAMMA_TREND"": 0.1, ""GAMMA_VOLATILE"": 0.4, ""HISTORY_WEIGHT"": 0.25, ""HOLD_TIME_COEF"": 0.12, ""HOLD_VOL_COEF"": 0.0, ""IMBALANCE_WEIGHT"": 0.35, ""INVENTORY_SKEW"": 0.035, ""MAX_QUOTE_EDGE"": 5.0, ""MAX_TAKE_SIZE"": 10, ""MICRO_WEIGHT"": 0.3, ""MID_WEIGHT"": 0.25, ""PASSIVE_SIZE"": 8, ""POSITION_BIAS_DIVISOR"": 12.0, ""RANGE_RESERVATION_BIAS"": 0.2, ""REGRESSION_HORIZON"": 2.0, ""REGRESSION_WEIGHT"": 0.2, ""REGRESSION_WINDOW"": 8, ""RESERVATION_SCALE"": 0.14, ""RESIDUAL_REVERT_WEIGHT"": 0.12, ""SOFT_LIMIT_RATIO"": 0.65, ""SPREAD_INV_COEF"": 0.42, ""SPREAD_TIME_COEF"": 0.74, ""SPREAD_VOL_COEF"": 1.0, ""STRONG_TREND_EDGE"": 2.5, ""STRONG_TREND_HOLD_EXIT_BONUS"": 0.9, ""TIME_HORIZON_TICKS"": 10000.0, ""TOXIC_SPREAD_THRESHOLD"": 15.0, ""TOXIC_VOLATILITY_THRESHOLD"": 3.2, ""TREND_BUY_TAKE_EXTRA"": 0.04, ""TREND_EDGE_THRESHOLD"": 1.0, ""TREND_ENTRY_TAKE_BONUS"": 3.0, ""TREND_FAIR_BONUS"": 0.25, ""TREND_HOLD_EXIT_BONUS"": 0.55, ""TREND_IMBALANCE_THRESHOLD"": 0.12, ""TREND_PASSIVE_PUSH"": 0.0, ""TREND_PASSIVE_SIZE_BONUS"": 2.0, ""TREND_QUOTE_LIFT_EXTRA"": 1.0, ""TREND_RESERVATION_BIAS"": 0.06, ""TREND_SELL_HOLD_EXTRA"": 0.32, ""VOL_CONTROL_WINDOW"": 8}"
plateau_random_041,random,14176.0,7403.0,6773.0,720,"{""ALPHA_EDGE_SCALE"": 1.08, ""ALPHA_IMBALANCE_SCALE"": 1.2, ""ALPHA_THRESHOLD_SCALE"": 1.06, ""BASE_QUOTE_EDGE"": 2.65, ""BASE_TAKE_EDGE"": 1.2, ""FIT_THRESHOLD"": 0.45, ""GAMMA_RANGE"": 0.34, ""GAMMA_TREND"": 0.1, ""GAMMA_VOLATILE"": 0.4, ""HISTORY_WEIGHT"": 0.25, ""HOLD_TIME_COEF"": 0.12, ""HOLD_VOL_COEF"": 0.0, ""IMBALANCE_WEIGHT"": 0.35, ""INVENTORY_SKEW"": 0.035, ""MAX_QUOTE_EDGE"": 5.0, ""MAX_TAKE_SIZE"": 10, ""MICRO_WEIGHT"": 0.3, ""MID_WEIGHT"": 0.25, ""PASSIVE_SIZE"": 8, ""POSITION_BIAS_DIVISOR"": 12.0, ""RANGE_RESERVATION_BIAS"": 0.2, ""REGRESSION_HORIZON"": 2.0, ""REGRESSION_WEIGHT"": 0.2, ""REGRESSION_WINDOW"": 8, ""RESERVATION_SCALE"": 0.14, ""RESIDUAL_REVERT_WEIGHT"": 0.12, ""SOFT_LIMIT_RATIO"": 0.65, ""SPREAD_INV_COEF"": 0.38, ""SPREAD_TIME_COEF"": 0.9, ""SPREAD_VOL_COEF"": 0.84, ""STRONG_TREND_EDGE"": 2.5, ""STRONG_TREND_HOLD_EXIT_BONUS"": 0.9, ""TIME_HORIZON_TICKS"": 10000.0, ""TOXIC_SPREAD_THRESHOLD"": 15.0, ""TOXIC_VOLATILITY_THRESHOLD"": 3.2, ""TREND_BUY_TAKE_EXTRA"": 0.12, ""TREND_EDGE_THRESHOLD"": 1.0, ""TREND_ENTRY_TAKE_BONUS"": 3.0, ""TREND_FAIR_BONUS"": 0.25, ""TREND_HOLD_EXIT_BONUS"": 0.55, ""TREND_IMBALANCE_THRESHOLD"": 0.12, ""TREND_PASSIVE_PUSH"": 0.0, ""TREND_PASSIVE_SIZE_BONUS"": 2.0, ""TREND_QUOTE_LIFT_EXTRA"": 2.0, ""TREND_RESERVATION_BIAS"": 0.02, ""TREND_SELL_HOLD_EXTRA"": 0.2, ""VOL_CONTROL_WINDOW"": 8}"
plateau_random_054,random,14176.0,7403.0,6773.0,721,"{""ALPHA_EDGE_SCALE"": 1.06, ""ALPHA_IMBALANCE_SCALE"": 1.16, ""ALPHA_THRESHOLD_SCALE"": 1.06, ""BASE_QUOTE_EDGE"": 2.65, ""BASE_TAKE_EDGE"": 1.3, ""FIT_THRESHOLD"": 0.45, ""GAMMA_RANGE"": 0.34, ""GAMMA_TREND"": 0.1, ""GAMMA_VOLATILE"": 0.4, ""HISTORY_WEIGHT"": 0.25, ""HOLD_TIME_COEF"": 0.04, ""HOLD_VOL_COEF"": 0.0, ""IMBALANCE_WEIGHT"": 0.35, ""INVENTORY_SKEW"": 0.035, ""MAX_QUOTE_EDGE"": 5.0, ""MAX_TAKE_SIZE"": 10, ""MICRO_WEIGHT"": 0.3, ""MID_WEIGHT"": 0.25, ""PASSIVE_SIZE"": 8, ""POSITION_BIAS_DIVISOR"": 12.0, ""RANGE_RESERVATION_BIAS"": 0.16, ""REGRESSION_HORIZON"": 2.0, ""REGRESSION_WEIGHT"": 0.2, ""REGRESSION_WINDOW"": 8, ""RESERVATION_SCALE"": 0.14, ""RESIDUAL_REVERT_WEIGHT"": 0.12, ""SOFT_LIMIT_RATIO"": 0.65, ""SPREAD_INV_COEF"": 0.46, ""SPREAD_TIME_COEF"": 0.74, ""SPREAD_VOL_COEF"": 1.0, ""STRONG_TREND_EDGE"": 2.5, ""STRONG_TREND_HOLD_EXIT_BONUS"": 0.9, ""TIME_HORIZON_TICKS"": 10000.0, ""TOXIC_SPREAD_THRESHOLD"": 15.0, ""TOXIC_VOLATILITY_THRESHOLD"": 3.2, ""TREND_BUY_TAKE_EXTRA"": 0.12, ""TREND_EDGE_THRESHOLD"": 1.0, ""TREND_ENTRY_TAKE_BONUS"": 3.0, ""TREND_FAIR_BONUS"": 0.25, ""TREND_HOLD_EXIT_BONUS"": 0.55, ""TREND_IMBALANCE_THRESHOLD"": 0.12, ""TREND_PASSIVE_PUSH"": 0.0, ""TREND_PASSIVE_SIZE_BONUS"": 2.0, ""TREND_QUOTE_LIFT_EXTRA"": 1.0, ""TREND_RESERVATION_BIAS"": 0.06, ""TREND_SELL_HOLD_EXTRA"": 0.32, ""VOL_CONTROL_WINDOW"": 8}"
plateau_random_095,random,14176.0,7403.0,6773.0,721,"{""ALPHA_EDGE_SCALE"": 1.06, ""ALPHA_IMBALANCE_SCALE"": 1.2, ""ALPHA_THRESHOLD_SCALE"": 1.0, ""BASE_QUOTE_EDGE"": 2.8, ""BASE_TAKE_EDGE"": 1.3, ""FIT_THRESHOLD"": 0.45, ""GAMMA_RANGE"": 0.34, ""GAMMA_TREND"": 0.1, ""GAMMA_VOLATILE"": 0.4, ""HISTORY_WEIGHT"": 0.25, ""HOLD_TIME_COEF"": 0.12, ""HOLD_VOL_COEF"": 0.0, ""IMBALANCE_WEIGHT"": 0.35, ""INVENTORY_SKEW"": 0.035, ""MAX_QUOTE_EDGE"": 5.0, ""MAX_TAKE_SIZE"": 10, ""MICRO_WEIGHT"": 0.3, ""MID_WEIGHT"": 0.25, ""PASSIVE_SIZE"": 8, ""POSITION_BIAS_DIVISOR"": 12.0, ""RANGE_RESERVATION_BIAS"": 0.16, ""REGRESSION_HORIZON"": 2.0, ""REGRESSION_WEIGHT"": 0.2, ""REGRESSION_WINDOW"": 8, ""RESERVATION_SCALE"": 0.12, ""RESIDUAL_REVERT_WEIGHT"": 0.12, ""SOFT_LIMIT_RATIO"": 0.65, ""SPREAD_INV_COEF"": 0.38, ""SPREAD_TIME_COEF"": 0.82, ""SPREAD_VOL_COEF"": 1.0, ""STRONG_TREND_EDGE"": 2.5, ""STRONG_TREND_HOLD_EXIT_BONUS"": 0.9, ""TIME_HORIZON_TICKS"": 10000.0, ""TOXIC_SPREAD_THRESHOLD"": 15.0, ""TOXIC_VOLATILITY_THRESHOLD"": 3.2, ""TREND_BUY_TAKE_EXTRA"": 0.12, ""TREND_EDGE_THRESHOLD"": 1.0, ""TREND_ENTRY_TAKE_BONUS"": 3.0, ""TREND_FAIR_BONUS"": 0.25, ""TREND_HOLD_EXIT_BONUS"": 0.55, ""TREND_IMBALANCE_THRESHOLD"": 0.12, ""TREND_PASSIVE_PUSH"": 0.0, ""TREND_PASSIVE_SIZE_BONUS"": 2.0, ""TREND_QUOTE_LIFT_EXTRA"": 2.0, ""TREND_RESERVATION_BIAS"": 0.02, ""TREND_SELL_HOLD_EXTRA"": 0.2, ""VOL_CONTROL_WINDOW"": 8}"
plateau_random_014,random,14173.0,7403.0,6770.0,721,"{""ALPHA_EDGE_SCALE"": 1.06, ""ALPHA_IMBALANCE_SCALE"": 1.24, ""ALPHA_THRESHOLD_SCALE"": 1.03, ""BASE_QUOTE_EDGE"": 2.55, ""BASE_TAKE_EDGE"": 1.3, ""FIT_THRESHOLD"": 0.45, ""GAMMA_RANGE"": 0.34, ""GAMMA_TREND"": 0.1, ""GAMMA_VOLATILE"": 0.4, ""HISTORY_WEIGHT"": 0.25, ""HOLD_TIME_COEF"": 0.04, ""HOLD_VOL_COEF"": 0.0, ""IMBALANCE_WEIGHT"": 0.35, ""INVENTORY_SKEW"": 0.035, ""MAX_QUOTE_EDGE"": 5.0, ""MAX_TAKE_SIZE"": 10, ""MICRO_WEIGHT"": 0.3, ""MID_WEIGHT"": 0.25, ""PASSIVE_SIZE"": 8, ""POSITION_BIAS_DIVISOR"": 12.0, ""RANGE_RESERVATION_BIAS"": 0.16, ""REGRESSION_HORIZON"": 2.0, ""REGRESSION_WEIGHT"": 0.2, ""REGRESSION_WINDOW"": 8, ""RESERVATION_SCALE"": 0.1, ""RESIDUAL_REVERT_WEIGHT"": 0.12, ""SOFT_LIMIT_RATIO"": 0.65, ""SPREAD_INV_COEF"": 0.34, ""SPREAD_TIME_COEF"": 0.98, ""SPREAD_VOL_COEF"": 0.76, ""STRONG_TREND_EDGE"": 2.5, ""STRONG_TREND_HOLD_EXIT_BONUS"": 0.9, ""TIME_HORIZON_TICKS"": 10000.0, ""TOXIC_SPREAD_THRESHOLD"": 15.0, ""TOXIC_VOLATILITY_THRESHOLD"": 3.2, ""TREND_BUY_TAKE_EXTRA"": 0.08, ""TREND_EDGE_THRESHOLD"": 1.0, ""TREND_ENTRY_TAKE_BONUS"": 3.0, ""TREND_FAIR_BONUS"": 0.25, ""TREND_HOLD_EXIT_BONUS"": 0.55, ""TREND_IMBALANCE_THRESHOLD"": 0.12, ""TREND_PASSIVE_PUSH"": 0.0, ""TREND_PASSIVE_SIZE_BONUS"": 2.0, ""TREND_QUOTE_LIFT_EXTRA"": 0.0, ""TREND_RESERVATION_BIAS"": 0.04, ""TREND_SELL_HOLD_EXTRA"": 0.32, ""VOL_CONTROL_WINDOW"": 8}"
plateau_random_028,random,14171.0,7403.0,6768.0,721,"{""ALPHA_EDGE_SCALE"": 1.06, ""ALPHA_IMBALANCE_SCALE"": 1.16, ""ALPHA_THRESHOLD_SCALE"": 1.06, ""BASE_QUOTE_EDGE"": 2.6, ""BASE_TAKE_EDGE"": 1.25, ""FIT_THRESHOLD"": 0.45, ""GAMMA_RANGE"": 0.34, ""GAMMA_TREND"": 0.1, ""GAMMA_VOLATILE"": 0.4, ""HISTORY_WEIGHT"": 0.25, ""HOLD_TIME_COEF"": 0.04, ""HOLD_VOL_COEF"": 0.0, ""IMBALANCE_WEIGHT"": 0.35, ""INVENTORY_SKEW"": 0.035, ""MAX_QUOTE_EDGE"": 5.0, ""MAX_TAKE_SIZE"": 10, ""MICRO_WEIGHT"": 0.3, ""MID_WEIGHT"": 0.25, ""PASSIVE_SIZE"": 8, ""POSITION_BIAS_DIVISOR"": 12.0, ""RANGE_RESERVATION_BIAS"": 0.24, ""REGRESSION_HORIZON"": 2.0, ""REGRESSION_WEIGHT"": 0.2, ""REGRESSION_WINDOW"": 8, ""RESERVATION_SCALE"": 0.12, ""RESIDUAL_REVERT_WEIGHT"": 0.12, ""SOFT_LIMIT_RATIO"": 0.65, ""SPREAD_INV_COEF"": 0.34, ""SPREAD_TIME_COEF"": 0.98, ""SPREAD_VOL_COEF"": 1.0, ""STRONG_TREND_EDGE"": 2.5, ""STRONG_TREND_HOLD_EXIT_BONUS"": 0.9, ""TIME_HORIZON_TICKS"": 10000.0, ""TOXIC_SPREAD_THRESHOLD"": 15.0, ""TOXIC_VOLATILITY_THRESHOLD"": 3.2, ""TREND_BUY_TAKE_EXTRA"": 0.04, ""TREND_EDGE_THRESHOLD"": 1.0, ""TREND_ENTRY_TAKE_BONUS"": 3.0, ""TREND_FAIR_BONUS"": 0.25, ""TREND_HOLD_EXIT_BONUS"": 0.55, ""TREND_IMBALANCE_THRESHOLD"": 0.12, ""TREND_PASSIVE_PUSH"": 0.0, ""TREND_PASSIVE_SIZE_BONUS"": 2.0, ""TREND_QUOTE_LIFT_EXTRA"": 2.0, ""TREND_RESERVATION_BIAS"": 0.06, ""TREND_SELL_HOLD_EXTRA"": 0.28, ""VOL_CONTROL_WINDOW"": 8}"
plateau_random_049,random,14171.0,7403.0,6768.0,721,"{""ALPHA_EDGE_SCALE"": 1.04, ""ALPHA_IMBALANCE_SCALE"": 1.16, ""ALPHA_THRESHOLD_SCALE"": 1.0, ""BASE_QUOTE_EDGE"": 2.65, ""BASE_TAKE_EDGE"": 1.3, ""FIT_THRESHOLD"": 0.45, ""GAMMA_RANGE"": 0.34, ""GAMMA_TREND"": 0.1, ""GAMMA_VOLATILE"": 0.4, ""HISTORY_WEIGHT"": 0.25, ""HOLD_TIME_COEF"": 0.08, ""HOLD_VOL_COEF"": 0.0, ""IMBALANCE_WEIGHT"": 0.35, ""INVENTORY_SKEW"": 0.035, ""MAX_QUOTE_EDGE"": 5.0, ""MAX_TAKE_SIZE"": 10, ""MICRO_WEIGHT"": 0.3, ""MID_WEIGHT"": 0.25, ""PASSIVE_SIZE"": 8, ""POSITION_BIAS_DIVISOR"": 12.0, ""RANGE_RESERVATION_BIAS"": 0.2, ""REGRESSION_HORIZON"": 2.0, ""REGRESSION_WEIGHT"": 0.2, ""REGRESSION_WINDOW"": 8, ""RESERVATION_SCALE"": 0.1, ""RESIDUAL_REVERT_WEIGHT"": 0.12, ""SOFT_LIMIT_RATIO"": 0.65, ""SPREAD_INV_COEF"": 0.46, ""SPREAD_TIME_COEF"": 0.74, ""SPREAD_VOL_COEF"": 0.76, ""STRONG_TREND_EDGE"": 2.5, ""STRONG_TREND_HOLD_EXIT_BONUS"": 0.9, ""TIME_HORIZON_TICKS"": 10000.0, ""TOXIC_SPREAD_THRESHOLD"": 15.0, ""TOXIC_VOLATILITY_THRESHOLD"": 3.2, ""TREND_BUY_TAKE_EXTRA"": 0.12, ""TREND_EDGE_THRESHOLD"": 1.0, ""TREND_ENTRY_TAKE_BONUS"": 3.0, ""TREND_FAIR_BONUS"": 0.25, ""TREND_HOLD_EXIT_BONUS"": 0.55, ""TREND_IMBALANCE_THRESHOLD"": 0.12, ""TREND_PASSIVE_PUSH"": 0.0, ""TREND_PASSIVE_SIZE_BONUS"": 2.0, ""TREND_QUOTE_LIFT_EXTRA"": 1.0, ""TREND_RESERVATION_BIAS"": 0.06, ""TREND_SELL_HOLD_EXTRA"": 0.2, ""VOL_CONTROL_WINDOW"": 8}"
plateau_random_068,random,14171.0,7403.0,6768.0,720,"{""ALPHA_EDGE_SCALE"": 1.1, ""ALPHA_IMBALANCE_SCALE"": 1.24, ""ALPHA_THRESHOLD_SCALE"": 1.06, ""BASE_QUOTE_EDGE"": 2.75, ""BASE_TAKE_EDGE"": 1.15, ""FIT_THRESHOLD"": 0.45, ""GAMMA_RANGE"": 0.34, ""GAMMA_TREND"": 0.1, ""GAMMA_VOLATILE"": 0.4, ""HISTORY_WEIGHT"": 0.25, ""HOLD_TIME_COEF"": 0.12, ""HOLD_VOL_COEF"": 0.0, ""IMBALANCE_WEIGHT"": 0.35, ""INVENTORY_SKEW"": 0.035, ""MAX_QUOTE_EDGE"": 5.0, ""MAX_TAKE_SIZE"": 10, ""MICRO_WEIGHT"": 0.3, ""MID_WEIGHT"": 0.25, ""PASSIVE_SIZE"": 8, ""POSITION_BIAS_DIVISOR"": 12.0, ""RANGE_RESERVATION_BIAS"": 0.16, ""REGRESSION_HORIZON"": 2.0, ""REGRESSION_WEIGHT"": 0.2, ""REGRESSION_WINDOW"": 8, ""RESERVATION_SCALE"": 0.16, ""RESIDUAL_REVERT_WEIGHT"": 0.12, ""SOFT_LIMIT_RATIO"": 0.65, ""SPREAD_INV_COEF"": 0.38, ""SPREAD_TIME_COEF"": 0.74, ""SPREAD_VOL_COEF"": 0.92, ""STRONG_TREND_EDGE"": 2.5, ""STRONG_TREND_HOLD_EXIT_BONUS"": 0.9, ""TIME_HORIZON_TICKS"": 10000.0, ""TOXIC_SPREAD_THRESHOLD"": 15.0, ""TOXIC_VOLATILITY_THRESHOLD"": 3.2, ""TREND_BUY_TAKE_EXTRA"": 0.08, ""TREND_EDGE_THRESHOLD"": 1.0, ""TREND_ENTRY_TAKE_BONUS"": 3.0, ""TREND_FAIR_BONUS"": 0.25, ""TREND_HOLD_EXIT_BONUS"": 0.55, ""TREND_IMBALANCE_THRESHOLD"": 0.12, ""TREND_PASSIVE_PUSH"": 0.0, ""TREND_PASSIVE_SIZE_BONUS"": 2.0, ""TREND_QUOTE_LIFT_EXTRA"": 1.0, ""TREND_RESERVATION_BIAS"": 0.02, ""TREND_SELL_HOLD_EXTRA"": 0.32, ""VOL_CONTROL_WINDOW"": 8}"
plateau_random_043,random,14166.0,7403.0,6763.0,721,"{""ALPHA_EDGE_SCALE"": 1.08, ""ALPHA_IMBALANCE_SCALE"": 1.2, ""ALPHA_THRESHOLD_SCALE"": 1.03, ""BASE_QUOTE_EDGE"": 2.65, ""BASE_TAKE_EDGE"": 1.2, ""FIT_THRESHOLD"": 0.45, ""GAMMA_RANGE"": 0.34, ""GAMMA_TREND"": 0.1, ""GAMMA_VOLATILE"": 0.4, ""HISTORY_WEIGHT"": 0.25, ""HOLD_TIME_COEF"": 0.08, ""HOLD_VOL_COEF"": 0.0, ""IMBALANCE_WEIGHT"": 0.35, ""INVENTORY_SKEW"": 0.035, ""MAX_QUOTE_EDGE"": 5.0, ""MAX_TAKE_SIZE"": 10, ""MICRO_WEIGHT"": 0.3, ""MID_WEIGHT"": 0.25, ""PASSIVE_SIZE"": 8, ""POSITION_BIAS_DIVISOR"": 12.0, ""RANGE_RESERVATION_BIAS"": 0.2, ""REGRESSION_HORIZON"": 2.0, ""REGRESSION_WEIGHT"": 0.2, ""REGRESSION_WINDOW"": 8, ""RESERVATION_SCALE"": 0.12, ""RESIDUAL_REVERT_WEIGHT"": 0.12, ""SOFT_LIMIT_RATIO"": 0.65, ""SPREAD_INV_COEF"": 0.34, ""SPREAD_TIME_COEF"": 0.74, ""SPREAD_VOL_COEF"": 0.92, ""STRONG_TREND_EDGE"": 2.5, ""STRONG_TREND_HOLD_EXIT_BONUS"": 0.9, ""TIME_HORIZON_TICKS"": 10000.0, ""TOXIC_SPREAD_THRESHOLD"": 15.0, ""TOXIC_VOLATILITY_THRESHOLD"": 3.2, ""TREND_BUY_TAKE_EXTRA"": 0.04, ""TREND_EDGE_THRESHOLD"": 1.0, ""TREND_ENTRY_TAKE_BONUS"": 3.0, ""TREND_FAIR_BONUS"": 0.25, ""TREND_HOLD_EXIT_BONUS"": 0.55, ""TREND_IMBALANCE_THRESHOLD"": 0.12, ""TREND_PASSIVE_PUSH"": 0.0, ""TREND_PASSIVE_SIZE_BONUS"": 2.0, ""TREND_QUOTE_LIFT_EXTRA"": 2.0, ""TREND_RESERVATION_BIAS"": 0.06, ""TREND_SELL_HOLD_EXTRA"": 0.28, ""VOL_CONTROL_WINDOW"": 8}"
plateau_random_048,random,14166.0,7403.0,6763.0,721,"{""ALPHA_EDGE_SCALE"": 1.1, ""ALPHA_IMBALANCE_SCALE"": 1.12, ""ALPHA_THRESHOLD_SCALE"": 1.03, ""BASE_QUOTE_EDGE"": 2.65, ""BASE_TAKE_EDGE"": 1.3, ""FIT_THRESHOLD"": 0.45, ""GAMMA_RANGE"": 0.34, ""GAMMA_TREND"": 0.1, ""GAMMA_VOLATILE"": 0.4, ""HISTORY_WEIGHT"": 0.25, ""HOLD_TIME_COEF"": 0.12, ""HOLD_VOL_COEF"": 0.0, ""IMBALANCE_WEIGHT"": 0.35, ""INVENTORY_SKEW"": 0.035, ""MAX_QUOTE_EDGE"": 5.0, ""MAX_TAKE_SIZE"": 10, ""MICRO_WEIGHT"": 0.3, ""MID_WEIGHT"": 0.25, ""PASSIVE_SIZE"": 8, ""POSITION_BIAS_DIVISOR"": 12.0, ""RANGE_RESERVATION_BIAS"": 0.16, ""REGRESSION_HORIZON"": 2.0, ""REGRESSION_WEIGHT"": 0.2, ""REGRESSION_WINDOW"": 8, ""RESERVATION_SCALE"": 0.1, ""RESIDUAL_REVERT_WEIGHT"": 0.12, ""SOFT_LIMIT_RATIO"": 0.65, ""SPREAD_INV_COEF"": 0.34, ""SPREAD_TIME_COEF"": 0.9, ""SPREAD_VOL_COEF"": 0.76, ""STRONG_TREND_EDGE"": 2.5, ""STRONG_TREND_HOLD_EXIT_BONUS"": 0.9, ""TIME_HORIZON_TICKS"": 10000.0, ""TOXIC_SPREAD_THRESHOLD"": 15.0, ""TOXIC_VOLATILITY_THRESHOLD"": 3.2, ""TREND_BUY_TAKE_EXTRA"": 0.08, ""TREND_EDGE_THRESHOLD"": 1.0, ""TREND_ENTRY_TAKE_BONUS"": 3.0, ""TREND_FAIR_BONUS"": 0.25, ""TREND_HOLD_EXIT_BONUS"": 0.55, ""TREND_IMBALANCE_THRESHOLD"": 0.12, ""TREND_PASSIVE_PUSH"": 0.0, ""TREND_PASSIVE_SIZE_BONUS"": 2.0, ""TREND_QUOTE_LIFT_EXTRA"": 1.0, ""TREND_RESERVATION_BIAS"": 0.04, ""TREND_SELL_HOLD_EXTRA"": 0.28, ""VOL_CONTROL_WINDOW"": 8}"
plateau_random_087,random,14166.0,7403.0,6763.0,720,"{""ALPHA_EDGE_SCALE"": 1.08, ""ALPHA_IMBALANCE_SCALE"": 1.2, ""ALPHA_THRESHOLD_SCALE"": 1.0, ""BASE_QUOTE_EDGE"": 2.8, ""BASE_TAKE_EDGE"": 1.2, ""FIT_THRESHOLD"": 0.45, ""GAMMA_RANGE"": 0.34, ""GAMMA_TREND"": 0.1, ""GAMMA_VOLATILE"": 0.4, ""HISTORY_WEIGHT"": 0.25, ""HOLD_TIME_COEF"": 0.08, ""HOLD_VOL_COEF"": 0.0, ""IMBALANCE_WEIGHT"": 0.35, ""INVENTORY_SKEW"": 0.035, ""MAX_QUOTE_EDGE"": 5.0, ""MAX_TAKE_SIZE"": 10, ""MICRO_WEIGHT"": 0.3, ""MID_WEIGHT"": 0.25, ""PASSIVE_SIZE"": 8, ""POSITION_BIAS_DIVISOR"": 12.0, ""RANGE_RESERVATION_BIAS"": 0.2, ""REGRESSION_HORIZON"": 2.0, ""REGRESSION_WEIGHT"": 0.2, ""REGRESSION_WINDOW"": 8, ""RESERVATION_SCALE"": 0.14, ""RESIDUAL_REVERT_WEIGHT"": 0.12, ""SOFT_LIMIT_RATIO"": 0.65, ""SPREAD_INV_COEF"": 0.34, ""SPREAD_TIME_COEF"": 0.82, ""SPREAD_VOL_COEF"": 0.92, ""STRONG_TREND_EDGE"": 2.5, ""STRONG_TREND_HOLD_EXIT_BONUS"": 0.9, ""TIME_HORIZON_TICKS"": 10000.0, ""TOXIC_SPREAD_THRESHOLD"": 15.0, ""TOXIC_VOLATILITY_THRESHOLD"": 3.2, ""TREND_BUY_TAKE_EXTRA"": 0.08, ""TREND_EDGE_THRESHOLD"": 1.0, ""TREND_ENTRY_TAKE_BONUS"": 3.0, ""TREND_FAIR_BONUS"": 0.25, ""TREND_HOLD_EXIT_BONUS"": 0.55, ""TREND_IMBALANCE_THRESHOLD"": 0.12, ""TREND_PASSIVE_PUSH"": 0.0, ""TREND_PASSIVE_SIZE_BONUS"": 2.0, ""TREND_QUOTE_LIFT_EXTRA"": 0.0, ""TREND_RESERVATION_BIAS"": 0.02, ""TREND_SELL_HOLD_EXTRA"": 0.24, ""VOL_CONTROL_WINDOW"": 8}"
plateau_random_056,random,14164.0,7403.0,6761.0,720,"{""ALPHA_EDGE_SCALE"": 1.1, ""ALPHA_IMBALANCE_SCALE"": 1.12, ""ALPHA_THRESHOLD_SCALE"": 1.0, ""BASE_QUOTE_EDGE"": 2.7, ""BASE_TAKE_EDGE"": 1.15, ""FIT_THRESHOLD"": 0.45, ""GAMMA_RANGE"": 0.34, ""GAMMA_TREND"": 0.1, ""GAMMA_VOLATILE"": 0.4, ""HISTORY_WEIGHT"": 0.25, ""HOLD_TIME_COEF"": 0.08, ""HOLD_VOL_COEF"": 0.0, ""IMBALANCE_WEIGHT"": 0.35, ""INVENTORY_SKEW"": 0.035, ""MAX_QUOTE_EDGE"": 5.0, ""MAX_TAKE_SIZE"": 10, ""MICRO_WEIGHT"": 0.3, ""MID_WEIGHT"": 0.25, ""PASSIVE_SIZE"": 8, ""POSITION_BIAS_DIVISOR"": 12.0, ""RANGE_RESERVATION_BIAS"": 0.16, ""REGRESSION_HORIZON"": 2.0, ""REGRESSION_WEIGHT"": 0.2, ""REGRESSION_WINDOW"": 8, ""RESERVATION_SCALE"": 0.14, ""RESIDUAL_REVERT_WEIGHT"": 0.12, ""SOFT_LIMIT_RATIO"": 0.65, ""SPREAD_INV_COEF"": 0.38, ""SPREAD_TIME_COEF"": 0.74, ""SPREAD_VOL_COEF"": 0.84, ""STRONG_TREND_EDGE"": 2.5, ""STRONG_TREND_HOLD_EXIT_BONUS"": 0.9, ""TIME_HORIZON_TICKS"": 10000.0, ""TOXIC_SPREAD_THRESHOLD"": 15.0, ""TOXIC_VOLATILITY_THRESHOLD"": 3.2, ""TREND_BUY_TAKE_EXTRA"": 0.12, ""TREND_EDGE_THRESHOLD"": 1.0, ""TREND_ENTRY_TAKE_BONUS"": 3.0, ""TREND_FAIR_BONUS"": 0.25, ""TREND_HOLD_EXIT_BONUS"": 0.55, ""TREND_IMBALANCE_THRESHOLD"": 0.12, ""TREND_PASSIVE_PUSH"": 0.0, ""TREND_PASSIVE_SIZE_BONUS"": 2.0, ""TREND_QUOTE_LIFT_EXTRA"": 0.0, ""TREND_RESERVATION_BIAS"": 0.04, ""TREND_SELL_HOLD_EXTRA"": 0.24, ""VOL_CONTROL_WINDOW"": 8}"
plateau_random_063,random,14164.0,7403.0,6761.0,720,"{""ALPHA_EDGE_SCALE"": 1.08, ""ALPHA_IMBALANCE_SCALE"": 1.12, ""ALPHA_THRESHOLD_SCALE"": 1.0, ""BASE_QUOTE_EDGE"": 2.7, ""BASE_TAKE_EDGE"": 1.25, ""FIT_THRESHOLD"": 0.45, ""GAMMA_RANGE"": 0.34, ""GAMMA_TREND"": 0.1, ""GAMMA_VOLATILE"": 0.4, ""HISTORY_WEIGHT"": 0.25, ""HOLD_TIME_COEF"": 0.12, ""HOLD_VOL_COEF"": 0.0, ""IMBALANCE_WEIGHT"": 0.35, ""INVENTORY_SKEW"": 0.035, ""MAX_QUOTE_EDGE"": 5.0, ""MAX_TAKE_SIZE"": 10, ""MICRO_WEIGHT"": 0.3, ""MID_WEIGHT"": 0.25, ""PASSIVE_SIZE"": 8, ""POSITION_BIAS_DIVISOR"": 12.0, ""RANGE_RESERVATION_BIAS"": 0.2, ""REGRESSION_HORIZON"": 2.0, ""REGRESSION_WEIGHT"": 0.2, ""REGRESSION_WINDOW"": 8, ""RESERVATION_SCALE"": 0.16, ""RESIDUAL_REVERT_WEIGHT"": 0.12, ""SOFT_LIMIT_RATIO"": 0.65, ""SPREAD_INV_COEF"": 0.38, ""SPREAD_TIME_COEF"": 0.98, ""SPREAD_VOL_COEF"": 0.84, ""STRONG_TREND_EDGE"": 2.5, ""STRONG_TREND_HOLD_EXIT_BONUS"": 0.9, ""TIME_HORIZON_TICKS"": 10000.0, ""TOXIC_SPREAD_THRESHOLD"": 15.0, ""TOXIC_VOLATILITY_THRESHOLD"": 3.2, ""TREND_BUY_TAKE_EXTRA"": 0.08, ""TREND_EDGE_THRESHOLD"": 1.0, ""TREND_ENTRY_TAKE_BONUS"": 3.0, ""TREND_FAIR_BONUS"": 0.25, ""TREND_HOLD_EXIT_BONUS"": 0.55, ""TREND_IMBALANCE_THRESHOLD"": 0.12, ""TREND_PASSIVE_PUSH"": 0.0, ""TREND_PASSIVE_SIZE_BONUS"": 2.0, ""TREND_QUOTE_LIFT_EXTRA"": 0.0, ""TREND_RESERVATION_BIAS"": 0.06, ""TREND_SELL_HOLD_EXTRA"": 0.2, ""VOL_CONTROL_WINDOW"": 8}"
plateau_random_047,random,14162.0,7403.0,6759.0,720,"{""ALPHA_EDGE_SCALE"": 1.04, ""ALPHA_IMBALANCE_SCALE"": 1.16, ""ALPHA_THRESHOLD_SCALE"": 1.06, ""BASE_QUOTE_EDGE"": 2.65, ""BASE_TAKE_EDGE"": 1.25, ""FIT_THRESHOLD"": 0.45, ""GAMMA_RANGE"": 0.34, ""GAMMA_TREND"": 0.1, ""GAMMA_VOLATILE"": 0.4, ""HISTORY_WEIGHT"": 0.25, ""HOLD_TIME_COEF"": 0.08, ""HOLD_VOL_COEF"": 0.0, ""IMBALANCE_WEIGHT"": 0.35, ""INVENTORY_SKEW"": 0.035, ""MAX_QUOTE_EDGE"": 5.0, ""MAX_TAKE_SIZE"": 10, ""MICRO_WEIGHT"": 0.3, ""MID_WEIGHT"": 0.25, ""PASSIVE_SIZE"": 8, ""POSITION_BIAS_DIVISOR"": 12.0, ""RANGE_RESERVATION_BIAS"": 0.2, ""REGRESSION_HORIZON"": 2.0, ""REGRESSION_WEIGHT"": 0.2, ""REGRESSION_WINDOW"": 8, ""RESERVATION_SCALE"": 0.16, ""RESIDUAL_REVERT_WEIGHT"": 0.12, ""SOFT_LIMIT_RATIO"": 0.65, ""SPREAD_INV_COEF"": 0.38, ""SPREAD_TIME_COEF"": 0.82, ""SPREAD_VOL_COEF"": 0.84, ""STRONG_TREND_EDGE"": 2.5, ""STRONG_TREND_HOLD_EXIT_BONUS"": 0.9, ""TIME_HORIZON_TICKS"": 10000.0, ""TOXIC_SPREAD_THRESHOLD"": 15.0, ""TOXIC_VOLATILITY_THRESHOLD"": 3.2, ""TREND_BUY_TAKE_EXTRA"": 0.04, ""TREND_EDGE_THRESHOLD"": 1.0, ""TREND_ENTRY_TAKE_BONUS"": 3.0, ""TREND_FAIR_BONUS"": 0.25, ""TREND_HOLD_EXIT_BONUS"": 0.55, ""TREND_IMBALANCE_THRESHOLD"": 0.12, ""TREND_PASSIVE_PUSH"": 0.0, ""TREND_PASSIVE_SIZE_BONUS"": 2.0, ""TREND_QUOTE_LIFT_EXTRA"": 2.0, ""TREND_RESERVATION_BIAS"": 0.02, ""TREND_SELL_HOLD_EXTRA"": 0.28, ""VOL_CONTROL_WINDOW"": 8}"
plateau_random_072,random,14161.0,7403.0,6758.0,720,"{""ALPHA_EDGE_SCALE"": 1.1, ""ALPHA_IMBALANCE_SCALE"": 1.16, ""ALPHA_THRESHOLD_SCALE"": 1.0, ""BASE_QUOTE_EDGE"": 2.75, ""BASE_TAKE_EDGE"": 1.2, ""FIT_THRESHOLD"": 0.45, ""GAMMA_RANGE"": 0.34, ""GAMMA_TREND"": 0.1, ""GAMMA_VOLATILE"": 0.4, ""HISTORY_WEIGHT"": 0.25, ""HOLD_TIME_COEF"": 0.12, ""HOLD_VOL_COEF"": 0.0, ""IMBALANCE_WEIGHT"": 0.35, ""INVENTORY_SKEW"": 0.035, ""MAX_QUOTE_EDGE"": 5.0, ""MAX_TAKE_SIZE"": 10, ""MICRO_WEIGHT"": 0.3, ""MID_WEIGHT"": 0.25, ""PASSIVE_SIZE"": 8, ""POSITION_BIAS_DIVISOR"": 12.0, ""RANGE_RESERVATION_BIAS"": 0.2, ""REGRESSION_HORIZON"": 2.0, ""REGRESSION_WEIGHT"": 0.2, ""REGRESSION_WINDOW"": 8, ""RESERVATION_SCALE"": 0.14, ""RESIDUAL_REVERT_WEIGHT"": 0.12, ""SOFT_LIMIT_RATIO"": 0.65, ""SPREAD_INV_COEF"": 0.34, ""SPREAD_TIME_COEF"": 0.9, ""SPREAD_VOL_COEF"": 0.84, ""STRONG_TREND_EDGE"": 2.5, ""STRONG_TREND_HOLD_EXIT_BONUS"": 0.9, ""TIME_HORIZON_TICKS"": 10000.0, ""TOXIC_SPREAD_THRESHOLD"": 15.0, ""TOXIC_VOLATILITY_THRESHOLD"": 3.2, ""TREND_BUY_TAKE_EXTRA"": 0.12, ""TREND_EDGE_THRESHOLD"": 1.0, ""TREND_ENTRY_TAKE_BONUS"": 3.0, ""TREND_FAIR_BONUS"": 0.25, ""TREND_HOLD_EXIT_BONUS"": 0.55, ""TREND_IMBALANCE_THRESHOLD"": 0.12, ""TREND_PASSIVE_PUSH"": 0.0, ""TREND_PASSIVE_SIZE_BONUS"": 2.0, ""TREND_QUOTE_LIFT_EXTRA"": 1.0, ""TREND_RESERVATION_BIAS"": 0.04, ""TREND_SELL_HOLD_EXTRA"": 0.28, ""VOL_CONTROL_WINDOW"": 8}"
plateau_random_055,random,14160.0,7403.0,6757.0,726,"{""ALPHA_EDGE_SCALE"": 1.08, ""ALPHA_IMBALANCE_SCALE"": 1.24, ""ALPHA_THRESHOLD_SCALE"": 1.0, ""BASE_QUOTE_EDGE"": 2.7, ""BASE_TAKE_EDGE"": 1.15, ""FIT_THRESHOLD"": 0.45, ""GAMMA_RANGE"": 0.34, ""GAMMA_TREND"": 0.1, ""GAMMA_VOLATILE"": 0.4, ""HISTORY_WEIGHT"": 0.25, ""HOLD_TIME_COEF"": 0.04, ""HOLD_VOL_COEF"": 0.0, ""IMBALANCE_WEIGHT"": 0.35, ""INVENTORY_SKEW"": 0.035, ""MAX_QUOTE_EDGE"": 5.0, ""MAX_TAKE_SIZE"": 10, ""MICRO_WEIGHT"": 0.3, ""MID_WEIGHT"": 0.25, ""PASSIVE_SIZE"": 8, ""POSITION_BIAS_DIVISOR"": 12.0, ""RANGE_RESERVATION_BIAS"": 0.24, ""REGRESSION_HORIZON"": 2.0, ""REGRESSION_WEIGHT"": 0.2, ""REGRESSION_WINDOW"": 8, ""RESERVATION_SCALE"": 0.16, ""RESIDUAL_REVERT_WEIGHT"": 0.12, ""SOFT_LIMIT_RATIO"": 0.65, ""SPREAD_INV_COEF"": 0.34, ""SPREAD_TIME_COEF"": 0.74, ""SPREAD_VOL_COEF"": 0.84, ""STRONG_TREND_EDGE"": 2.5, ""STRONG_TREND_HOLD_EXIT_BONUS"": 0.9, ""TIME_HORIZON_TICKS"": 10000.0, ""TOXIC_SPREAD_THRESHOLD"": 15.0, ""TOXIC_VOLATILITY_THRESHOLD"": 3.2, ""TREND_BUY_TAKE_EXTRA"": 0.12, ""TREND_EDGE_THRESHOLD"": 1.0, ""TREND_ENTRY_TAKE_BONUS"": 3.0, ""TREND_FAIR_BONUS"": 0.25, ""TREND_HOLD_EXIT_BONUS"": 0.55, ""TREND_IMBALANCE_THRESHOLD"": 0.12, ""TREND_PASSIVE_PUSH"": 0.0, ""TREND_PASSIVE_SIZE_BONUS"": 2.0, ""TREND_QUOTE_LIFT_EXTRA"": 0.0, ""TREND_RESERVATION_BIAS"": 0.04, ""TREND_SELL_HOLD_EXTRA"": 0.24, ""VOL_CONTROL_WINDOW"": 8}"
plateau_random_071,random,14153.0,7403.0,6750.0,721,"{""ALPHA_EDGE_SCALE"": 1.1, ""ALPHA_IMBALANCE_SCALE"": 1.16, ""ALPHA_THRESHOLD_SCALE"": 1.06, ""BASE_QUOTE_EDGE"": 2.75, ""BASE_TAKE_EDGE"": 1.2, ""FIT_THRESHOLD"": 0.45, ""GAMMA_RANGE"": 0.34, ""GAMMA_TREND"": 0.1, ""GAMMA_VOLATILE"": 0.4, ""HISTORY_WEIGHT"": 0.25, ""HOLD_TIME_COEF"": 0.12, ""HOLD_VOL_COEF"": 0.0, ""IMBALANCE_WEIGHT"": 0.35, ""INVENTORY_SKEW"": 0.035, ""MAX_QUOTE_EDGE"": 5.0, ""MAX_TAKE_SIZE"": 10, ""MICRO_WEIGHT"": 0.3, ""MID_WEIGHT"": 0.25, ""PASSIVE_SIZE"": 8, ""POSITION_BIAS_DIVISOR"": 12.0, ""RANGE_RESERVATION_BIAS"": 0.2, ""REGRESSION_HORIZON"": 2.0, ""REGRESSION_WEIGHT"": 0.2, ""REGRESSION_WINDOW"": 8, ""RESERVATION_SCALE"": 0.12, ""RESIDUAL_REVERT_WEIGHT"": 0.12, ""SOFT_LIMIT_RATIO"": 0.65, ""SPREAD_INV_COEF"": 0.34, ""SPREAD_TIME_COEF"": 0.74, ""SPREAD_VOL_COEF"": 0.84, ""STRONG_TREND_EDGE"": 2.5, ""STRONG_TREND_HOLD_EXIT_BONUS"": 0.9, ""TIME_HORIZON_TICKS"": 10000.0, ""TOXIC_SPREAD_THRESHOLD"": 15.0, ""TOXIC_VOLATILITY_THRESHOLD"": 3.2, ""TREND_BUY_TAKE_EXTRA"": 0.04, ""TREND_EDGE_THRESHOLD"": 1.0, ""TREND_ENTRY_TAKE_BONUS"": 3.0, ""TREND_FAIR_BONUS"": 0.25, ""TREND_HOLD_EXIT_BONUS"": 0.55, ""TREND_IMBALANCE_THRESHOLD"": 0.12, ""TREND_PASSIVE_PUSH"": 0.0, ""TREND_PASSIVE_SIZE_BONUS"": 2.0, ""TREND_QUOTE_LIFT_EXTRA"": 2.0, ""TREND_RESERVATION_BIAS"": 0.06, ""TREND_SELL_HOLD_EXTRA"": 0.2, ""VOL_CONTROL_WINDOW"": 8}"
plateau_random_005,random,14152.0,7403.0,6749.0,722,"{""ALPHA_EDGE_SCALE"": 1.1, ""ALPHA_IMBALANCE_SCALE"": 1.12, ""ALPHA_THRESHOLD_SCALE"": 1.06, ""BASE_QUOTE_EDGE"": 2.55, ""BASE_TAKE_EDGE"": 1.2, ""FIT_THRESHOLD"": 0.45, ""GAMMA_RANGE"": 0.34, ""GAMMA_TREND"": 0.1, ""GAMMA_VOLATILE"": 0.4, ""HISTORY_WEIGHT"": 0.25, ""HOLD_TIME_COEF"": 0.04, ""HOLD_VOL_COEF"": 0.0, ""IMBALANCE_WEIGHT"": 0.35, ""INVENTORY_SKEW"": 0.035, ""MAX_QUOTE_EDGE"": 5.0, ""MAX_TAKE_SIZE"": 10, ""MICRO_WEIGHT"": 0.3, ""MID_WEIGHT"": 0.25, ""PASSIVE_SIZE"": 8, ""POSITION_BIAS_DIVISOR"": 12.0, ""RANGE_RESERVATION_BIAS"": 0.16, ""REGRESSION_HORIZON"": 2.0, ""REGRESSION_WEIGHT"": 0.2, ""REGRESSION_WINDOW"": 8, ""RESERVATION_SCALE"": 0.14, ""RESIDUAL_REVERT_WEIGHT"": 0.12, ""SOFT_LIMIT_RATIO"": 0.65, ""SPREAD_INV_COEF"": 0.46, ""SPREAD_TIME_COEF"": 0.9, ""SPREAD_VOL_COEF"": 0.76, ""STRONG_TREND_EDGE"": 2.5, ""STRONG_TREND_HOLD_EXIT_BONUS"": 0.9, ""TIME_HORIZON_TICKS"": 10000.0, ""TOXIC_SPREAD_THRESHOLD"": 15.0, ""TOXIC_VOLATILITY_THRESHOLD"": 3.2, ""TREND_BUY_TAKE_EXTRA"": 0.04, ""TREND_EDGE_THRESHOLD"": 1.0, ""TREND_ENTRY_TAKE_BONUS"": 3.0, ""TREND_FAIR_BONUS"": 0.25, ""TREND_HOLD_EXIT_BONUS"": 0.55, ""TREND_IMBALANCE_THRESHOLD"": 0.12, ""TREND_PASSIVE_PUSH"": 0.0, ""TREND_PASSIVE_SIZE_BONUS"": 2.0, ""TREND_QUOTE_LIFT_EXTRA"": 1.0, ""TREND_RESERVATION_BIAS"": 0.06, ""TREND_SELL_HOLD_EXTRA"": 0.2, ""VOL_CONTROL_WINDOW"": 8}"
plateau_random_035,random,14145.0,7403.0,6742.0,721,"{""ALPHA_EDGE_SCALE"": 1.04, ""ALPHA_IMBALANCE_SCALE"": 1.12, ""ALPHA_THRESHOLD_SCALE"": 1.0, ""BASE_QUOTE_EDGE"": 2.65, ""BASE_TAKE_EDGE"": 1.15, ""FIT_THRESHOLD"": 0.45, ""GAMMA_RANGE"": 0.34, ""GAMMA_TREND"": 0.1, ""GAMMA_VOLATILE"": 0.4, ""HISTORY_WEIGHT"": 0.25, ""HOLD_TIME_COEF"": 0.04, ""HOLD_VOL_COEF"": 0.0, ""IMBALANCE_WEIGHT"": 0.35, ""INVENTORY_SKEW"": 0.035, ""MAX_QUOTE_EDGE"": 5.0, ""MAX_TAKE_SIZE"": 10, ""MICRO_WEIGHT"": 0.3, ""MID_WEIGHT"": 0.25, ""PASSIVE_SIZE"": 8, ""POSITION_BIAS_DIVISOR"": 12.0, ""RANGE_RESERVATION_BIAS"": 0.16, ""REGRESSION_HORIZON"": 2.0, ""REGRESSION_WEIGHT"": 0.2, ""REGRESSION_WINDOW"": 8, ""RESERVATION_SCALE"": 0.16, ""RESIDUAL_REVERT_WEIGHT"": 0.12, ""SOFT_LIMIT_RATIO"": 0.65, ""SPREAD_INV_COEF"": 0.46, ""SPREAD_TIME_COEF"": 0.82, ""SPREAD_VOL_COEF"": 0.92, ""STRONG_TREND_EDGE"": 2.5, ""STRONG_TREND_HOLD_EXIT_BONUS"": 0.9, ""TIME_HORIZON_TICKS"": 10000.0, ""TOXIC_SPREAD_THRESHOLD"": 15.0, ""TOXIC_VOLATILITY_THRESHOLD"": 3.2, ""TREND_BUY_TAKE_EXTRA"": 0.08, ""TREND_EDGE_THRESHOLD"": 1.0, ""TREND_ENTRY_TAKE_BONUS"": 3.0, ""TREND_FAIR_BONUS"": 0.25, ""TREND_HOLD_EXIT_BONUS"": 0.55, ""TREND_IMBALANCE_THRESHOLD"": 0.12, ""TREND_PASSIVE_PUSH"": 0.0, ""TREND_PASSIVE_SIZE_BONUS"": 2.0, ""TREND_QUOTE_LIFT_EXTRA"": 2.0, ""TREND_RESERVATION_BIAS"": 0.04, ""TREND_SELL_HOLD_EXTRA"": 0.2, ""VOL_CONTROL_WINDOW"": 8}"
plateau_random_058,random,14144.0,7403.0,6741.0,724,"{""ALPHA_EDGE_SCALE"": 1.08, ""ALPHA_IMBALANCE_SCALE"": 1.12, ""ALPHA_THRESHOLD_SCALE"": 1.03, ""BASE_QUOTE_EDGE"": 2.7, ""BASE_TAKE_EDGE"": 1.15, ""FIT_THRESHOLD"": 0.45, ""GAMMA_RANGE"": 0.34, ""GAMMA_TREND"": 0.1, ""GAMMA_VOLATILE"": 0.4, ""HISTORY_WEIGHT"": 0.25, ""HOLD_TIME_COEF"": 0.08, ""HOLD_VOL_COEF"": 0.0, ""IMBALANCE_WEIGHT"": 0.35, ""INVENTORY_SKEW"": 0.035, ""MAX_QUOTE_EDGE"": 5.0, ""MAX_TAKE_SIZE"": 10, ""MICRO_WEIGHT"": 0.3, ""MID_WEIGHT"": 0.25, ""PASSIVE_SIZE"": 8, ""POSITION_BIAS_DIVISOR"": 12.0, ""RANGE_RESERVATION_BIAS"": 0.16, ""REGRESSION_HORIZON"": 2.0, ""REGRESSION_WEIGHT"": 0.2, ""REGRESSION_WINDOW"": 8, ""RESERVATION_SCALE"": 0.16, ""RESIDUAL_REVERT_WEIGHT"": 0.12, ""SOFT_LIMIT_RATIO"": 0.65, ""SPREAD_INV_COEF"": 0.38, ""SPREAD_TIME_COEF"": 0.82, ""SPREAD_VOL_COEF"": 1.0, ""STRONG_TREND_EDGE"": 2.5, ""STRONG_TREND_HOLD_EXIT_BONUS"": 0.9, ""TIME_HORIZON_TICKS"": 10000.0, ""TOXIC_SPREAD_THRESHOLD"": 15.0, ""TOXIC_VOLATILITY_THRESHOLD"": 3.2, ""TREND_BUY_TAKE_EXTRA"": 0.12, ""TREND_EDGE_THRESHOLD"": 1.0, ""TREND_ENTRY_TAKE_BONUS"": 3.0, ""TREND_FAIR_BONUS"": 0.25, ""TREND_HOLD_EXIT_BONUS"": 0.55, ""TREND_IMBALANCE_THRESHOLD"": 0.12, ""TREND_PASSIVE_PUSH"": 0.0, ""TREND_PASSIVE_SIZE_BONUS"": 2.0, ""TREND_QUOTE_LIFT_EXTRA"": 2.0, ""TREND_RESERVATION_BIAS"": 0.04, ""TREND_SELL_HOLD_EXTRA"": 0.28, ""VOL_CONTROL_WINDOW"": 8}"
plateau_random_019,random,14129.0,7403.0,6726.0,724,"{""ALPHA_EDGE_SCALE"": 1.06, ""ALPHA_IMBALANCE_SCALE"": 1.24, ""ALPHA_THRESHOLD_SCALE"": 1.06, ""BASE_QUOTE_EDGE"": 2.6, ""BASE_TAKE_EDGE"": 1.15, ""FIT_THRESHOLD"": 0.45, ""GAMMA_RANGE"": 0.34, ""GAMMA_TREND"": 0.1, ""GAMMA_VOLATILE"": 0.4, ""HISTORY_WEIGHT"": 0.25, ""HOLD_TIME_COEF"": 0.08, ""HOLD_VOL_COEF"": 0.0, ""IMBALANCE_WEIGHT"": 0.35, ""INVENTORY_SKEW"": 0.035, ""MAX_QUOTE_EDGE"": 5.0, ""MAX_TAKE_SIZE"": 10, ""MICRO_WEIGHT"": 0.3, ""MID_WEIGHT"": 0.25, ""PASSIVE_SIZE"": 8, ""POSITION_BIAS_DIVISOR"": 12.0, ""RANGE_RESERVATION_BIAS"": 0.16, ""REGRESSION_HORIZON"": 2.0, ""REGRESSION_WEIGHT"": 0.2, ""REGRESSION_WINDOW"": 8, ""RESERVATION_SCALE"": 0.16, ""RESIDUAL_REVERT_WEIGHT"": 0.12, ""SOFT_LIMIT_RATIO"": 0.65, ""SPREAD_INV_COEF"": 0.42, ""SPREAD_TIME_COEF"": 0.9, ""SPREAD_VOL_COEF"": 0.76, ""STRONG_TREND_EDGE"": 2.5, ""STRONG_TREND_HOLD_EXIT_BONUS"": 0.9, ""TIME_HORIZON_TICKS"": 10000.0, ""TOXIC_SPREAD_THRESHOLD"": 15.0, ""TOXIC_VOLATILITY_THRESHOLD"": 3.2, ""TREND_BUY_TAKE_EXTRA"": 0.12, ""TREND_EDGE_THRESHOLD"": 1.0, ""TREND_ENTRY_TAKE_BONUS"": 3.0, ""TREND_FAIR_BONUS"": 0.25, ""TREND_HOLD_EXIT_BONUS"": 0.55, ""TREND_IMBALANCE_THRESHOLD"": 0.12, ""TREND_PASSIVE_PUSH"": 0.0, ""TREND_PASSIVE_SIZE_BONUS"": 2.0, ""TREND_QUOTE_LIFT_EXTRA"": 2.0, ""TREND_RESERVATION_BIAS"": 0.02, ""TREND_SELL_HOLD_EXTRA"": 0.28, ""VOL_CONTROL_WINDOW"": 8}"
plateau_random_006,random,14127.0,7403.0,6724.0,724,"{""ALPHA_EDGE_SCALE"": 1.1, ""ALPHA_IMBALANCE_SCALE"": 1.24, ""ALPHA_THRESHOLD_SCALE"": 1.06, ""BASE_QUOTE_EDGE"": 2.55, ""BASE_TAKE_EDGE"": 1.2, ""FIT_THRESHOLD"": 0.45, ""GAMMA_RANGE"": 0.34, ""GAMMA_TREND"": 0.1, ""GAMMA_VOLATILE"": 0.4, ""HISTORY_WEIGHT"": 0.25, ""HOLD_TIME_COEF"": 0.04, ""HOLD_VOL_COEF"": 0.0, ""IMBALANCE_WEIGHT"": 0.35, ""INVENTORY_SKEW"": 0.035, ""MAX_QUOTE_EDGE"": 5.0, ""MAX_TAKE_SIZE"": 10, ""MICRO_WEIGHT"": 0.3, ""MID_WEIGHT"": 0.25, ""PASSIVE_SIZE"": 8, ""POSITION_BIAS_DIVISOR"": 12.0, ""RANGE_RESERVATION_BIAS"": 0.16, ""REGRESSION_HORIZON"": 2.0, ""REGRESSION_WEIGHT"": 0.2, ""REGRESSION_WINDOW"": 8, ""RESERVATION_SCALE"": 0.16, ""RESIDUAL_REVERT_WEIGHT"": 0.12, ""SOFT_LIMIT_RATIO"": 0.65, ""SPREAD_INV_COEF"": 0.38, ""SPREAD_TIME_COEF"": 0.74, ""SPREAD_VOL_COEF"": 0.84, ""STRONG_TREND_EDGE"": 2.5, ""STRONG_TREND_HOLD_EXIT_BONUS"": 0.9, ""TIME_HORIZON_TICKS"": 10000.0, ""TOXIC_SPREAD_THRESHOLD"": 15.0, ""TOXIC_VOLATILITY_THRESHOLD"": 3.2, ""TREND_BUY_TAKE_EXTRA"": 0.04, ""TREND_EDGE_THRESHOLD"": 1.0, ""TREND_ENTRY_TAKE_BONUS"": 3.0, ""TREND_FAIR_BONUS"": 0.25, ""TREND_HOLD_EXIT_BONUS"": 0.55, ""TREND_IMBALANCE_THRESHOLD"": 0.12, ""TREND_PASSIVE_PUSH"": 0.0, ""TREND_PASSIVE_SIZE_BONUS"": 2.0, ""TREND_QUOTE_LIFT_EXTRA"": 1.0, ""TREND_RESERVATION_BIAS"": 0.06, ""TREND_SELL_HOLD_EXTRA"": 0.28, ""VOL_CONTROL_WINDOW"": 8}"
plateau_random_085,random,14124.0,7403.0,6721.0,724,"{""ALPHA_EDGE_SCALE"": 1.1, ""ALPHA_IMBALANCE_SCALE"": 1.2, ""ALPHA_THRESHOLD_SCALE"": 1.06, ""BASE_QUOTE_EDGE"": 2.8, ""BASE_TAKE_EDGE"": 1.2, ""FIT_THRESHOLD"": 0.45, ""GAMMA_RANGE"": 0.34, ""GAMMA_TREND"": 0.1, ""GAMMA_VOLATILE"": 0.4, ""HISTORY_WEIGHT"": 0.25, ""HOLD_TIME_COEF"": 0.04, ""HOLD_VOL_COEF"": 0.0, ""IMBALANCE_WEIGHT"": 0.35, ""INVENTORY_SKEW"": 0.035, ""MAX_QUOTE_EDGE"": 5.0, ""MAX_TAKE_SIZE"": 10, ""MICRO_WEIGHT"": 0.3, ""MID_WEIGHT"": 0.25, ""PASSIVE_SIZE"": 8, ""POSITION_BIAS_DIVISOR"": 12.0, ""RANGE_RESERVATION_BIAS"": 0.16, ""REGRESSION_HORIZON"": 2.0, ""REGRESSION_WEIGHT"": 0.2, ""REGRESSION_WINDOW"": 8, ""RESERVATION_SCALE"": 0.16, ""RESIDUAL_REVERT_WEIGHT"": 0.12, ""SOFT_LIMIT_RATIO"": 0.65, ""SPREAD_INV_COEF"": 0.38, ""SPREAD_TIME_COEF"": 0.9, ""SPREAD_VOL_COEF"": 0.76, ""STRONG_TREND_EDGE"": 2.5, ""STRONG_TREND_HOLD_EXIT_BONUS"": 0.9, ""TIME_HORIZON_TICKS"": 10000.0, ""TOXIC_SPREAD_THRESHOLD"": 15.0, ""TOXIC_VOLATILITY_THRESHOLD"": 3.2, ""TREND_BUY_TAKE_EXTRA"": 0.08, ""TREND_EDGE_THRESHOLD"": 1.0, ""TREND_ENTRY_TAKE_BONUS"": 3.0, ""TREND_FAIR_BONUS"": 0.25, ""TREND_HOLD_EXIT_BONUS"": 0.55, ""TREND_IMBALANCE_THRESHOLD"": 0.12, ""TREND_PASSIVE_PUSH"": 0.0, ""TREND_PASSIVE_SIZE_BONUS"": 2.0, ""TREND_QUOTE_LIFT_EXTRA"": 1.0, ""TREND_RESERVATION_BIAS"": 0.06, ""TREND_SELL_HOLD_EXTRA"": 0.28, ""VOL_CONTROL_WINDOW"": 8}"
plateau_random_042,random,14113.0,7403.0,6710.0,725,"{""ALPHA_EDGE_SCALE"": 1.08, ""ALPHA_IMBALANCE_SCALE"": 1.16, ""ALPHA_THRESHOLD_SCALE"": 1.06, ""BASE_QUOTE_EDGE"": 2.65, ""BASE_TAKE_EDGE"": 1.2, ""FIT_THRESHOLD"": 0.45, ""GAMMA_RANGE"": 0.34, ""GAMMA_TREND"": 0.1, ""GAMMA_VOLATILE"": 0.4, ""HISTORY_WEIGHT"": 0.25, ""HOLD_TIME_COEF"": 0.12, ""HOLD_VOL_COEF"": 0.0, ""IMBALANCE_WEIGHT"": 0.35, ""INVENTORY_SKEW"": 0.035, ""MAX_QUOTE_EDGE"": 5.0, ""MAX_TAKE_SIZE"": 10, ""MICRO_WEIGHT"": 0.3, ""MID_WEIGHT"": 0.25, ""PASSIVE_SIZE"": 8, ""POSITION_BIAS_DIVISOR"": 12.0, ""RANGE_RESERVATION_BIAS"": 0.24, ""REGRESSION_HORIZON"": 2.0, ""REGRESSION_WEIGHT"": 0.2, ""REGRESSION_WINDOW"": 8, ""RESERVATION_SCALE"": 0.12, ""RESIDUAL_REVERT_WEIGHT"": 0.12, ""SOFT_LIMIT_RATIO"": 0.65, ""SPREAD_INV_COEF"": 0.42, ""SPREAD_TIME_COEF"": 0.82, ""SPREAD_VOL_COEF"": 0.84, ""STRONG_TREND_EDGE"": 2.5, ""STRONG_TREND_HOLD_EXIT_BONUS"": 0.9, ""TIME_HORIZON_TICKS"": 10000.0, ""TOXIC_SPREAD_THRESHOLD"": 15.0, ""TOXIC_VOLATILITY_THRESHOLD"": 3.2, ""TREND_BUY_TAKE_EXTRA"": 0.12, ""TREND_EDGE_THRESHOLD"": 1.0, ""TREND_ENTRY_TAKE_BONUS"": 3.0, ""TREND_FAIR_BONUS"": 0.25, ""TREND_HOLD_EXIT_BONUS"": 0.55, ""TREND_IMBALANCE_THRESHOLD"": 0.12, ""TREND_PASSIVE_PUSH"": 0.0, ""TREND_PASSIVE_SIZE_BONUS"": 2.0, ""TREND_QUOTE_LIFT_EXTRA"": 1.0, ""TREND_RESERVATION_BIAS"": 0.02, ""TREND_SELL_HOLD_EXTRA"": 0.32, ""VOL_CONTROL_WINDOW"": 8}"
plateau_random_075,random,14113.0,7403.0,6710.0,725,"{""ALPHA_EDGE_SCALE"": 1.06, ""ALPHA_IMBALANCE_SCALE"": 1.2, ""ALPHA_THRESHOLD_SCALE"": 1.0, ""BASE_QUOTE_EDGE"": 2.75, ""BASE_TAKE_EDGE"": 1.2, ""FIT_THRESHOLD"": 0.45, ""GAMMA_RANGE"": 0.34, ""GAMMA_TREND"": 0.1, ""GAMMA_VOLATILE"": 0.4, ""HISTORY_WEIGHT"": 0.25, ""HOLD_TIME_COEF"": 0.12, ""HOLD_VOL_COEF"": 0.0, ""IMBALANCE_WEIGHT"": 0.35, ""INVENTORY_SKEW"": 0.035, ""MAX_QUOTE_EDGE"": 5.0, ""MAX_TAKE_SIZE"": 10, ""MICRO_WEIGHT"": 0.3, ""MID_WEIGHT"": 0.25, ""PASSIVE_SIZE"": 8, ""POSITION_BIAS_DIVISOR"": 12.0, ""RANGE_RESERVATION_BIAS"": 0.24, ""REGRESSION_HORIZON"": 2.0, ""REGRESSION_WEIGHT"": 0.2, ""REGRESSION_WINDOW"": 8, ""RESERVATION_SCALE"": 0.16, ""RESIDUAL_REVERT_WEIGHT"": 0.12, ""SOFT_LIMIT_RATIO"": 0.65, ""SPREAD_INV_COEF"": 0.46, ""SPREAD_TIME_COEF"": 0.74, ""SPREAD_VOL_COEF"": 1.0, ""STRONG_TREND_EDGE"": 2.5, ""STRONG_TREND_HOLD_EXIT_BONUS"": 0.9, ""TIME_HORIZON_TICKS"": 10000.0, ""TOXIC_SPREAD_THRESHOLD"": 15.0, ""TOXIC_VOLATILITY_THRESHOLD"": 3.2, ""TREND_BUY_TAKE_EXTRA"": 0.08, ""TREND_EDGE_THRESHOLD"": 1.0, ""TREND_ENTRY_TAKE_BONUS"": 3.0, ""TREND_FAIR_BONUS"": 0.25, ""TREND_HOLD_EXIT_BONUS"": 0.55, ""TREND_IMBALANCE_THRESHOLD"": 0.12, ""TREND_PASSIVE_PUSH"": 0.0, ""TREND_PASSIVE_SIZE_BONUS"": 2.0, ""TREND_QUOTE_LIFT_EXTRA"": 2.0, ""TREND_RESERVATION_BIAS"": 0.06, ""TREND_SELL_HOLD_EXTRA"": 0.2, ""VOL_CONTROL_WINDOW"": 8}"
plateau_random_044,random,14108.0,7403.0,6705.0,722,"{""ALPHA_EDGE_SCALE"": 1.06, ""ALPHA_IMBALANCE_SCALE"": 1.2, ""ALPHA_THRESHOLD_SCALE"": 1.06, ""BASE_QUOTE_EDGE"": 2.65, ""BASE_TAKE_EDGE"": 1.2, ""FIT_THRESHOLD"": 0.45, ""GAMMA_RANGE"": 0.34, ""GAMMA_TREND"": 0.1, ""GAMMA_VOLATILE"": 0.4, ""HISTORY_WEIGHT"": 0.25, ""HOLD_TIME_COEF"": 0.12, ""HOLD_VOL_COEF"": 0.0, ""IMBALANCE_WEIGHT"": 0.35, ""INVENTORY_SKEW"": 0.035, ""MAX_QUOTE_EDGE"": 5.0, ""MAX_TAKE_SIZE"": 10, ""MICRO_WEIGHT"": 0.3, ""MID_WEIGHT"": 0.25, ""PASSIVE_SIZE"": 8, ""POSITION_BIAS_DIVISOR"": 12.0, ""RANGE_RESERVATION_BIAS"": 0.2, ""REGRESSION_HORIZON"": 2.0, ""REGRESSION_WEIGHT"": 0.2, ""REGRESSION_WINDOW"": 8, ""RESERVATION_SCALE"": 0.1, ""RESIDUAL_REVERT_WEIGHT"": 0.12, ""SOFT_LIMIT_RATIO"": 0.65, ""SPREAD_INV_COEF"": 0.46, ""SPREAD_TIME_COEF"": 0.82, ""SPREAD_VOL_COEF"": 0.92, ""STRONG_TREND_EDGE"": 2.5, ""STRONG_TREND_HOLD_EXIT_BONUS"": 0.9, ""TIME_HORIZON_TICKS"": 10000.0, ""TOXIC_SPREAD_THRESHOLD"": 15.0, ""TOXIC_VOLATILITY_THRESHOLD"": 3.2, ""TREND_BUY_TAKE_EXTRA"": 0.12, ""TREND_EDGE_THRESHOLD"": 1.0, ""TREND_ENTRY_TAKE_BONUS"": 3.0, ""TREND_FAIR_BONUS"": 0.25, ""TREND_HOLD_EXIT_BONUS"": 0.55, ""TREND_IMBALANCE_THRESHOLD"": 0.12, ""TREND_PASSIVE_PUSH"": 0.0, ""TREND_PASSIVE_SIZE_BONUS"": 2.0, ""TREND_QUOTE_LIFT_EXTRA"": 2.0, ""TREND_RESERVATION_BIAS"": 0.02, ""TREND_SELL_HOLD_EXTRA"": 0.32, ""VOL_CONTROL_WINDOW"": 8}"
plateau_random_001,random,14106.0,7403.0,6703.0,722,"{""ALPHA_EDGE_SCALE"": 1.06, ""ALPHA_IMBALANCE_SCALE"": 1.24, ""ALPHA_THRESHOLD_SCALE"": 1.03, ""BASE_QUOTE_EDGE"": 2.55, ""BASE_TAKE_EDGE"": 1.15, ""FIT_THRESHOLD"": 0.45, ""GAMMA_RANGE"": 0.34, ""GAMMA_TREND"": 0.1, ""GAMMA_VOLATILE"": 0.4, ""HISTORY_WEIGHT"": 0.25, ""HOLD_TIME_COEF"": 0.08, ""HOLD_VOL_COEF"": 0.0, ""IMBALANCE_WEIGHT"": 0.35, ""INVENTORY_SKEW"": 0.035, ""MAX_QUOTE_EDGE"": 5.0, ""MAX_TAKE_SIZE"": 10, ""MICRO_WEIGHT"": 0.3, ""MID_WEIGHT"": 0.25, ""PASSIVE_SIZE"": 8, ""POSITION_BIAS_DIVISOR"": 12.0, ""RANGE_RESERVATION_BIAS"": 0.16, ""REGRESSION_HORIZON"": 2.0, ""REGRESSION_WEIGHT"": 0.2, ""REGRESSION_WINDOW"": 8, ""RESERVATION_SCALE"": 0.1, ""RESIDUAL_REVERT_WEIGHT"": 0.12, ""SOFT_LIMIT_RATIO"": 0.65, ""SPREAD_INV_COEF"": 0.46, ""SPREAD_TIME_COEF"": 0.82, ""SPREAD_VOL_COEF"": 0.84, ""STRONG_TREND_EDGE"": 2.5, ""STRONG_TREND_HOLD_EXIT_BONUS"": 0.9, ""TIME_HORIZON_TICKS"": 10000.0, ""TOXIC_SPREAD_THRESHOLD"": 15.0, ""TOXIC_VOLATILITY_THRESHOLD"": 3.2, ""TREND_BUY_TAKE_EXTRA"": 0.04, ""TREND_EDGE_THRESHOLD"": 1.0, ""TREND_ENTRY_TAKE_BONUS"": 3.0, ""TREND_FAIR_BONUS"": 0.25, ""TREND_HOLD_EXIT_BONUS"": 0.55, ""TREND_IMBALANCE_THRESHOLD"": 0.12, ""TREND_PASSIVE_PUSH"": 0.0, ""TREND_PASSIVE_SIZE_BONUS"": 2.0, ""TREND_QUOTE_LIFT_EXTRA"": 0.0, ""TREND_RESERVATION_BIAS"": 0.02, ""TREND_SELL_HOLD_EXTRA"": 0.24, ""VOL_CONTROL_WINDOW"": 8}"
plateau_random_046,random,14104.0,7403.0,6701.0,722,"{""ALPHA_EDGE_SCALE"": 1.06, ""ALPHA_IMBALANCE_SCALE"": 1.2, ""ALPHA_THRESHOLD_SCALE"": 1.0, ""BASE_QUOTE_EDGE"": 2.65, ""BASE_TAKE_EDGE"": 1.2, ""FIT_THRESHOLD"": 0.45, ""GAMMA_RANGE"": 0.34, ""GAMMA_TREND"": 0.1, ""GAMMA_VOLATILE"": 0.4, ""HISTORY_WEIGHT"": 0.25, ""HOLD_TIME_COEF"": 0.04, ""HOLD_VOL_COEF"": 0.0, ""IMBALANCE_WEIGHT"": 0.35, ""INVENTORY_SKEW"": 0.035, ""MAX_QUOTE_EDGE"": 5.0, ""MAX_TAKE_SIZE"": 10, ""MICRO_WEIGHT"": 0.3, ""MID_WEIGHT"": 0.25, ""PASSIVE_SIZE"": 8, ""POSITION_BIAS_DIVISOR"": 12.0, ""RANGE_RESERVATION_BIAS"": 0.16, ""REGRESSION_HORIZON"": 2.0, ""REGRESSION_WEIGHT"": 0.2, ""REGRESSION_WINDOW"": 8, ""RESERVATION_SCALE"": 0.12, ""RESIDUAL_REVERT_WEIGHT"": 0.12, ""SOFT_LIMIT_RATIO"": 0.65, ""SPREAD_INV_COEF"": 0.34, ""SPREAD_TIME_COEF"": 0.98, ""SPREAD_VOL_COEF"": 1.0, ""STRONG_TREND_EDGE"": 2.5, ""STRONG_TREND_HOLD_EXIT_BONUS"": 0.9, ""TIME_HORIZON_TICKS"": 10000.0, ""TOXIC_SPREAD_THRESHOLD"": 15.0, ""TOXIC_VOLATILITY_THRESHOLD"": 3.2, ""TREND_BUY_TAKE_EXTRA"": 0.08, ""TREND_EDGE_THRESHOLD"": 1.0, ""TREND_ENTRY_TAKE_BONUS"": 3.0, ""TREND_FAIR_BONUS"": 0.25, ""TREND_HOLD_EXIT_BONUS"": 0.55, ""TREND_IMBALANCE_THRESHOLD"": 0.12, ""TREND_PASSIVE_PUSH"": 0.0, ""TREND_PASSIVE_SIZE_BONUS"": 2.0, ""TREND_QUOTE_LIFT_EXTRA"": 1.0, ""TREND_RESERVATION_BIAS"": 0.02, ""TREND_SELL_HOLD_EXTRA"": 0.2, ""VOL_CONTROL_WINDOW"": 8}"
plateau_random_060,random,14102.0,7403.0,6699.0,722,"{""ALPHA_EDGE_SCALE"": 1.06, ""ALPHA_IMBALANCE_SCALE"": 1.24, ""ALPHA_THRESHOLD_SCALE"": 1.06, ""BASE_QUOTE_EDGE"": 2.7, ""BASE_TAKE_EDGE"": 1.2, ""FIT_THRESHOLD"": 0.45, ""GAMMA_RANGE"": 0.34, ""GAMMA_TREND"": 0.1, ""GAMMA_VOLATILE"": 0.4, ""HISTORY_WEIGHT"": 0.25, ""HOLD_TIME_COEF"": 0.08, ""HOLD_VOL_COEF"": 0.0, ""IMBALANCE_WEIGHT"": 0.35, ""INVENTORY_SKEW"": 0.035, ""MAX_QUOTE_EDGE"": 5.0, ""MAX_TAKE_SIZE"": 10, ""MICRO_WEIGHT"": 0.3, ""MID_WEIGHT"": 0.25, ""PASSIVE_SIZE"": 8, ""POSITION_BIAS_DIVISOR"": 12.0, ""RANGE_RESERVATION_BIAS"": 0.2, ""REGRESSION_HORIZON"": 2.0, ""REGRESSION_WEIGHT"": 0.2, ""REGRESSION_WINDOW"": 8, ""RESERVATION_SCALE"": 0.1, ""RESIDUAL_REVERT_WEIGHT"": 0.12, ""SOFT_LIMIT_RATIO"": 0.65, ""SPREAD_INV_COEF"": 0.46, ""SPREAD_TIME_COEF"": 0.82, ""SPREAD_VOL_COEF"": 0.76, ""STRONG_TREND_EDGE"": 2.5, ""STRONG_TREND_HOLD_EXIT_BONUS"": 0.9, ""TIME_HORIZON_TICKS"": 10000.0, ""TOXIC_SPREAD_THRESHOLD"": 15.0, ""TOXIC_VOLATILITY_THRESHOLD"": 3.2, ""TREND_BUY_TAKE_EXTRA"": 0.04, ""TREND_EDGE_THRESHOLD"": 1.0, ""TREND_ENTRY_TAKE_BONUS"": 3.0, ""TREND_FAIR_BONUS"": 0.25, ""TREND_HOLD_EXIT_BONUS"": 0.55, ""TREND_IMBALANCE_THRESHOLD"": 0.12, ""TREND_PASSIVE_PUSH"": 0.0, ""TREND_PASSIVE_SIZE_BONUS"": 2.0, ""TREND_QUOTE_LIFT_EXTRA"": 2.0, ""TREND_RESERVATION_BIAS"": 0.06, ""TREND_SELL_HOLD_EXTRA"": 0.28, ""VOL_CONTROL_WINDOW"": 8}"
plateau_random_090,random,14101.0,7403.0,6698.0,722,"{""ALPHA_EDGE_SCALE"": 1.06, ""ALPHA_IMBALANCE_SCALE"": 1.24, ""ALPHA_THRESHOLD_SCALE"": 1.06, ""BASE_QUOTE_EDGE"": 2.8, ""BASE_TAKE_EDGE"": 1.25, ""FIT_THRESHOLD"": 0.45, ""GAMMA_RANGE"": 0.34, ""GAMMA_TREND"": 0.1, ""GAMMA_VOLATILE"": 0.4, ""HISTORY_WEIGHT"": 0.25, ""HOLD_TIME_COEF"": 0.12, ""HOLD_VOL_COEF"": 0.0, ""IMBALANCE_WEIGHT"": 0.35, ""INVENTORY_SKEW"": 0.035, ""MAX_QUOTE_EDGE"": 5.0, ""MAX_TAKE_SIZE"": 10, ""MICRO_WEIGHT"": 0.3, ""MID_WEIGHT"": 0.25, ""PASSIVE_SIZE"": 8, ""POSITION_BIAS_DIVISOR"": 12.0, ""RANGE_RESERVATION_BIAS"": 0.24, ""REGRESSION_HORIZON"": 2.0, ""REGRESSION_WEIGHT"": 0.2, ""REGRESSION_WINDOW"": 8, ""RESERVATION_SCALE"": 0.1, ""RESIDUAL_REVERT_WEIGHT"": 0.12, ""SOFT_LIMIT_RATIO"": 0.65, ""SPREAD_INV_COEF"": 0.46, ""SPREAD_TIME_COEF"": 0.74, ""SPREAD_VOL_COEF"": 0.84, ""STRONG_TREND_EDGE"": 2.5, ""STRONG_TREND_HOLD_EXIT_BONUS"": 0.9, ""TIME_HORIZON_TICKS"": 10000.0, ""TOXIC_SPREAD_THRESHOLD"": 15.0, ""TOXIC_VOLATILITY_THRESHOLD"": 3.2, ""TREND_BUY_TAKE_EXTRA"": 0.12, ""TREND_EDGE_THRESHOLD"": 1.0, ""TREND_ENTRY_TAKE_BONUS"": 3.0, ""TREND_FAIR_BONUS"": 0.25, ""TREND_HOLD_EXIT_BONUS"": 0.55, ""TREND_IMBALANCE_THRESHOLD"": 0.12, ""TREND_PASSIVE_PUSH"": 0.0, ""TREND_PASSIVE_SIZE_BONUS"": 2.0, ""TREND_QUOTE_LIFT_EXTRA"": 0.0, ""TREND_RESERVATION_BIAS"": 0.02, ""TREND_SELL_HOLD_EXTRA"": 0.24, ""VOL_CONTROL_WINDOW"": 8}"
plateau_random_073,random,14098.0,7403.0,6695.0,722,"{""ALPHA_EDGE_SCALE"": 1.1, ""ALPHA_IMBALANCE_SCALE"": 1.2, ""ALPHA_THRESHOLD_SCALE"": 1.03, ""BASE_QUOTE_EDGE"": 2.75, ""BASE_TAKE_EDGE"": 1.2, ""FIT_THRESHOLD"": 0.45, ""GAMMA_RANGE"": 0.34, ""GAMMA_TREND"": 0.1, ""GAMMA_VOLATILE"": 0.4, ""HISTORY_WEIGHT"": 0.25, ""HOLD_TIME_COEF"": 0.04, ""HOLD_VOL_COEF"": 0.0, ""IMBALANCE_WEIGHT"": 0.35, ""INVENTORY_SKEW"": 0.035, ""MAX_QUOTE_EDGE"": 5.0, ""MAX_TAKE_SIZE"": 10, ""MICRO_WEIGHT"": 0.3, ""MID_WEIGHT"": 0.25, ""PASSIVE_SIZE"": 8, ""POSITION_BIAS_DIVISOR"": 12.0, ""RANGE_RESERVATION_BIAS"": 0.16, ""REGRESSION_HORIZON"": 2.0, ""REGRESSION_WEIGHT"": 0.2, ""REGRESSION_WINDOW"": 8, ""RESERVATION_SCALE"": 0.12, ""RESIDUAL_REVERT_WEIGHT"": 0.12, ""SOFT_LIMIT_RATIO"": 0.65, ""SPREAD_INV_COEF"": 0.38, ""SPREAD_TIME_COEF"": 0.9, ""SPREAD_VOL_COEF"": 0.92, ""STRONG_TREND_EDGE"": 2.5, ""STRONG_TREND_HOLD_EXIT_BONUS"": 0.9, ""TIME_HORIZON_TICKS"": 10000.0, ""TOXIC_SPREAD_THRESHOLD"": 15.0, ""TOXIC_VOLATILITY_THRESHOLD"": 3.2, ""TREND_BUY_TAKE_EXTRA"": 0.12, ""TREND_EDGE_THRESHOLD"": 1.0, ""TREND_ENTRY_TAKE_BONUS"": 3.0, ""TREND_FAIR_BONUS"": 0.25, ""TREND_HOLD_EXIT_BONUS"": 0.55, ""TREND_IMBALANCE_THRESHOLD"": 0.12, ""TREND_PASSIVE_PUSH"": 0.0, ""TREND_PASSIVE_SIZE_BONUS"": 2.0, ""TREND_QUOTE_LIFT_EXTRA"": 1.0, ""TREND_RESERVATION_BIAS"": 0.04, ""TREND_SELL_HOLD_EXTRA"": 0.32, ""VOL_CONTROL_WINDOW"": 8}"
plateau_random_062,random,14094.0,7403.0,6691.0,722,"{""ALPHA_EDGE_SCALE"": 1.1, ""ALPHA_IMBALANCE_SCALE"": 1.24, ""ALPHA_THRESHOLD_SCALE"": 1.03, ""BASE_QUOTE_EDGE"": 2.7, ""BASE_TAKE_EDGE"": 1.25, ""FIT_THRESHOLD"": 0.45, ""GAMMA_RANGE"": 0.34, ""GAMMA_TREND"": 0.1, ""GAMMA_VOLATILE"": 0.4, ""HISTORY_WEIGHT"": 0.25, ""HOLD_TIME_COEF"": 0.08, ""HOLD_VOL_COEF"": 0.0, ""IMBALANCE_WEIGHT"": 0.35, ""INVENTORY_SKEW"": 0.035, ""MAX_QUOTE_EDGE"": 5.0, ""MAX_TAKE_SIZE"": 10, ""MICRO_WEIGHT"": 0.3, ""MID_WEIGHT"": 0.25, ""PASSIVE_SIZE"": 8, ""POSITION_BIAS_DIVISOR"": 12.0, ""RANGE_RESERVATION_BIAS"": 0.2, ""REGRESSION_HORIZON"": 2.0, ""REGRESSION_WEIGHT"": 0.2, ""REGRESSION_WINDOW"": 8, ""RESERVATION_SCALE"": 0.1, ""RESIDUAL_REVERT_WEIGHT"": 0.12, ""SOFT_LIMIT_RATIO"": 0.65, ""SPREAD_INV_COEF"": 0.42, ""SPREAD_TIME_COEF"": 0.98, ""SPREAD_VOL_COEF"": 0.76, ""STRONG_TREND_EDGE"": 2.5, ""STRONG_TREND_HOLD_EXIT_BONUS"": 0.9, ""TIME_HORIZON_TICKS"": 10000.0, ""TOXIC_SPREAD_THRESHOLD"": 15.0, ""TOXIC_VOLATILITY_THRESHOLD"": 3.2, ""TREND_BUY_TAKE_EXTRA"": 0.08, ""TREND_EDGE_THRESHOLD"": 1.0, ""TREND_ENTRY_TAKE_BONUS"": 3.0, ""TREND_FAIR_BONUS"": 0.25, ""TREND_HOLD_EXIT_BONUS"": 0.55, ""TREND_IMBALANCE_THRESHOLD"": 0.12, ""TREND_PASSIVE_PUSH"": 0.0, ""TREND_PASSIVE_SIZE_BONUS"": 2.0, ""TREND_QUOTE_LIFT_EXTRA"": 1.0, ""TREND_RESERVATION_BIAS"": 0.04, ""TREND_SELL_HOLD_EXTRA"": 0.2, ""VOL_CONTROL_WINDOW"": 8}"
plateau_random_039,random,14092.0,7403.0,6689.0,726,"{""ALPHA_EDGE_SCALE"": 1.04, ""ALPHA_IMBALANCE_SCALE"": 1.12, ""ALPHA_THRESHOLD_SCALE"": 1.0, ""BASE_QUOTE_EDGE"": 2.65, ""BASE_TAKE_EDGE"": 1.2, ""FIT_THRESHOLD"": 0.45, ""GAMMA_RANGE"": 0.34, ""GAMMA_TREND"": 0.1, ""GAMMA_VOLATILE"": 0.4, ""HISTORY_WEIGHT"": 0.25, ""HOLD_TIME_COEF"": 0.08, ""HOLD_VOL_COEF"": 0.0, ""IMBALANCE_WEIGHT"": 0.35, ""INVENTORY_SKEW"": 0.035, ""MAX_QUOTE_EDGE"": 5.0, ""MAX_TAKE_SIZE"": 10, ""MICRO_WEIGHT"": 0.3, ""MID_WEIGHT"": 0.25, ""PASSIVE_SIZE"": 8, ""POSITION_BIAS_DIVISOR"": 12.0, ""RANGE_RESERVATION_BIAS"": 0.24, ""REGRESSION_HORIZON"": 2.0, ""REGRESSION_WEIGHT"": 0.2, ""REGRESSION_WINDOW"": 8, ""RESERVATION_SCALE"": 0.14, ""RESIDUAL_REVERT_WEIGHT"": 0.12, ""SOFT_LIMIT_RATIO"": 0.65, ""SPREAD_INV_COEF"": 0.42, ""SPREAD_TIME_COEF"": 0.9, ""SPREAD_VOL_COEF"": 0.76, ""STRONG_TREND_EDGE"": 2.5, ""STRONG_TREND_HOLD_EXIT_BONUS"": 0.9, ""TIME_HORIZON_TICKS"": 10000.0, ""TOXIC_SPREAD_THRESHOLD"": 15.0, ""TOXIC_VOLATILITY_THRESHOLD"": 3.2, ""TREND_BUY_TAKE_EXTRA"": 0.08, ""TREND_EDGE_THRESHOLD"": 1.0, ""TREND_ENTRY_TAKE_BONUS"": 3.0, ""TREND_FAIR_BONUS"": 0.25, ""TREND_HOLD_EXIT_BONUS"": 0.55, ""TREND_IMBALANCE_THRESHOLD"": 0.12, ""TREND_PASSIVE_PUSH"": 0.0, ""TREND_PASSIVE_SIZE_BONUS"": 2.0, ""TREND_QUOTE_LIFT_EXTRA"": 0.0, ""TREND_RESERVATION_BIAS"": 0.04, ""TREND_SELL_HOLD_EXTRA"": 0.28, ""VOL_CONTROL_WINDOW"": 8}"
sell_patience_light,designed,14087.0,7403.0,6684.0,722,"{""ALPHA_EDGE_SCALE"": 1.06, ""ALPHA_IMBALANCE_SCALE"": 1.16, ""ALPHA_THRESHOLD_SCALE"": 1.03, ""BASE_QUOTE_EDGE"": 2.65, ""BASE_TAKE_EDGE"": 1.25, ""FIT_THRESHOLD"": 0.45, ""GAMMA_RANGE"": 0.34, ""GAMMA_TREND"": 0.1, ""GAMMA_VOLATILE"": 0.4, ""HISTORY_WEIGHT"": 0.25, ""HOLD_TIME_COEF"": 0.12, ""HOLD_VOL_COEF"": 0.0, ""IMBALANCE_WEIGHT"": 0.35, ""INVENTORY_SKEW"": 0.035, ""MAX_QUOTE_EDGE"": 5.0, ""MAX_TAKE_SIZE"": 10, ""MICRO_WEIGHT"": 0.3, ""MID_WEIGHT"": 0.25, ""PASSIVE_SIZE"": 8, ""POSITION_BIAS_DIVISOR"": 12.0, ""RANGE_RESERVATION_BIAS"": 0.2, ""REGRESSION_HORIZON"": 2.0, ""REGRESSION_WEIGHT"": 0.2, ""REGRESSION_WINDOW"": 8, ""RESERVATION_SCALE"": 0.12, ""RESIDUAL_REVERT_WEIGHT"": 0.12, ""SOFT_LIMIT_RATIO"": 0.65, ""SPREAD_INV_COEF"": 0.38, ""SPREAD_TIME_COEF"": 0.82, ""SPREAD_VOL_COEF"": 0.84, ""STRONG_TREND_EDGE"": 2.5, ""STRONG_TREND_HOLD_EXIT_BONUS"": 0.9, ""TIME_HORIZON_TICKS"": 10000.0, ""TOXIC_SPREAD_THRESHOLD"": 15.0, ""TOXIC_VOLATILITY_THRESHOLD"": 3.2, ""TREND_BUY_TAKE_EXTRA"": 0.08, ""TREND_EDGE_THRESHOLD"": 1.0, ""TREND_ENTRY_TAKE_BONUS"": 3.0, ""TREND_FAIR_BONUS"": 0.25, ""TREND_HOLD_EXIT_BONUS"": 0.55, ""TREND_IMBALANCE_THRESHOLD"": 0.12, ""TREND_PASSIVE_PUSH"": 0.0, ""TREND_PASSIVE_SIZE_BONUS"": 2.0, ""TREND_QUOTE_LIFT_EXTRA"": 2.0, ""TREND_RESERVATION_BIAS"": 0.04, ""TREND_SELL_HOLD_EXTRA"": 0.28, ""VOL_CONTROL_WINDOW"": 8}"
plateau_random_016,random,14085.0,7403.0,6682.0,722,"{""ALPHA_EDGE_SCALE"": 1.06, ""ALPHA_IMBALANCE_SCALE"": 1.2, ""ALPHA_THRESHOLD_SCALE"": 1.03, ""BASE_QUOTE_EDGE"": 2.55, ""BASE_TAKE_EDGE"": 1.3, ""FIT_THRESHOLD"": 0.45, ""GAMMA_RANGE"": 0.34, ""GAMMA_TREND"": 0.1, ""GAMMA_VOLATILE"": 0.4, ""HISTORY_WEIGHT"": 0.25, ""HOLD_TIME_COEF"": 0.08, ""HOLD_VOL_COEF"": 0.0, ""IMBALANCE_WEIGHT"": 0.35, ""INVENTORY_SKEW"": 0.035, ""MAX_QUOTE_EDGE"": 5.0, ""MAX_TAKE_SIZE"": 10, ""MICRO_WEIGHT"": 0.3, ""MID_WEIGHT"": 0.25, ""PASSIVE_SIZE"": 8, ""POSITION_BIAS_DIVISOR"": 12.0, ""RANGE_RESERVATION_BIAS"": 0.2, ""REGRESSION_HORIZON"": 2.0, ""REGRESSION_WEIGHT"": 0.2, ""REGRESSION_WINDOW"": 8, ""RESERVATION_SCALE"": 0.12, ""RESIDUAL_REVERT_WEIGHT"": 0.12, ""SOFT_LIMIT_RATIO"": 0.65, ""SPREAD_INV_COEF"": 0.42, ""SPREAD_TIME_COEF"": 0.74, ""SPREAD_VOL_COEF"": 0.84, ""STRONG_TREND_EDGE"": 2.5, ""STRONG_TREND_HOLD_EXIT_BONUS"": 0.9, ""TIME_HORIZON_TICKS"": 10000.0, ""TOXIC_SPREAD_THRESHOLD"": 15.0, ""TOXIC_VOLATILITY_THRESHOLD"": 3.2, ""TREND_BUY_TAKE_EXTRA"": 0.08, ""TREND_EDGE_THRESHOLD"": 1.0, ""TREND_ENTRY_TAKE_BONUS"": 3.0, ""TREND_FAIR_BONUS"": 0.25, ""TREND_HOLD_EXIT_BONUS"": 0.55, ""TREND_IMBALANCE_THRESHOLD"": 0.12, ""TREND_PASSIVE_PUSH"": 0.0, ""TREND_PASSIVE_SIZE_BONUS"": 2.0, ""TREND_QUOTE_LIFT_EXTRA"": 2.0, ""TREND_RESERVATION_BIAS"": 0.04, ""TREND_SELL_HOLD_EXTRA"": 0.32, ""VOL_CONTROL_WINDOW"": 8}"
plateau_random_064,random,14085.0,7403.0,6682.0,722,"{""ALPHA_EDGE_SCALE"": 1.06, ""ALPHA_IMBALANCE_SCALE"": 1.2, ""ALPHA_THRESHOLD_SCALE"": 1.03, ""BASE_QUOTE_EDGE"": 2.7, ""BASE_TAKE_EDGE"": 1.25, ""FIT_THRESHOLD"": 0.45, ""GAMMA_RANGE"": 0.34, ""GAMMA_TREND"": 0.1, ""GAMMA_VOLATILE"": 0.4, ""HISTORY_WEIGHT"": 0.25, ""HOLD_TIME_COEF"": 0.12, ""HOLD_VOL_COEF"": 0.0, ""IMBALANCE_WEIGHT"": 0.35, ""INVENTORY_SKEW"": 0.035, ""MAX_QUOTE_EDGE"": 5.0, ""MAX_TAKE_SIZE"": 10, ""MICRO_WEIGHT"": 0.3, ""MID_WEIGHT"": 0.25, ""PASSIVE_SIZE"": 8, ""POSITION_BIAS_DIVISOR"": 12.0, ""RANGE_RESERVATION_BIAS"": 0.2, ""REGRESSION_HORIZON"": 2.0, ""REGRESSION_WEIGHT"": 0.2, ""REGRESSION_WINDOW"": 8, ""RESERVATION_SCALE"": 0.12, ""RESIDUAL_REVERT_WEIGHT"": 0.12, ""SOFT_LIMIT_RATIO"": 0.65, ""SPREAD_INV_COEF"": 0.38, ""SPREAD_TIME_COEF"": 0.74, ""SPREAD_VOL_COEF"": 0.92, ""STRONG_TREND_EDGE"": 2.5, ""STRONG_TREND_HOLD_EXIT_BONUS"": 0.9, ""TIME_HORIZON_TICKS"": 10000.0, ""TOXIC_SPREAD_THRESHOLD"": 15.0, ""TOXIC_VOLATILITY_THRESHOLD"": 3.2, ""TREND_BUY_TAKE_EXTRA"": 0.04, ""TREND_EDGE_THRESHOLD"": 1.0, ""TREND_ENTRY_TAKE_BONUS"": 3.0, ""TREND_FAIR_BONUS"": 0.25, ""TREND_HOLD_EXIT_BONUS"": 0.55, ""TREND_IMBALANCE_THRESHOLD"": 0.12, ""TREND_PASSIVE_PUSH"": 0.0, ""TREND_PASSIVE_SIZE_BONUS"": 2.0, ""TREND_QUOTE_LIFT_EXTRA"": 2.0, ""TREND_RESERVATION_BIAS"": 0.06, ""TREND_SELL_HOLD_EXTRA"": 0.28, ""VOL_CONTROL_WINDOW"": 8}"
plateau_random_010,random,14077.0,7403.0,6674.0,726,"{""ALPHA_EDGE_SCALE"": 1.1, ""ALPHA_IMBALANCE_SCALE"": 1.2, ""ALPHA_THRESHOLD_SCALE"": 1.06, ""BASE_QUOTE_EDGE"": 2.55, ""BASE_TAKE_EDGE"": 1.25, ""FIT_THRESHOLD"": 0.45, ""GAMMA_RANGE"": 0.34, ""GAMMA_TREND"": 0.1, ""GAMMA_VOLATILE"": 0.4, ""HISTORY_WEIGHT"": 0.25, ""HOLD_TIME_COEF"": 0.04, ""HOLD_VOL_COEF"": 0.0, ""IMBALANCE_WEIGHT"": 0.35, ""INVENTORY_SKEW"": 0.035, ""MAX_QUOTE_EDGE"": 5.0, ""MAX_TAKE_SIZE"": 10, ""MICRO_WEIGHT"": 0.3, ""MID_WEIGHT"": 0.25, ""PASSIVE_SIZE"": 8, ""POSITION_BIAS_DIVISOR"": 12.0, ""RANGE_RESERVATION_BIAS"": 0.2, ""REGRESSION_HORIZON"": 2.0, ""REGRESSION_WEIGHT"": 0.2, ""REGRESSION_WINDOW"": 8, ""RESERVATION_SCALE"": 0.16, ""RESIDUAL_REVERT_WEIGHT"": 0.12, ""SOFT_LIMIT_RATIO"": 0.65, ""SPREAD_INV_COEF"": 0.42, ""SPREAD_TIME_COEF"": 0.74, ""SPREAD_VOL_COEF"": 0.84, ""STRONG_TREND_EDGE"": 2.5, ""STRONG_TREND_HOLD_EXIT_BONUS"": 0.9, ""TIME_HORIZON_TICKS"": 10000.0, ""TOXIC_SPREAD_THRESHOLD"": 15.0, ""TOXIC_VOLATILITY_THRESHOLD"": 3.2, ""TREND_BUY_TAKE_EXTRA"": 0.12, ""TREND_EDGE_THRESHOLD"": 1.0, ""TREND_ENTRY_TAKE_BONUS"": 3.0, ""TREND_FAIR_BONUS"": 0.25, ""TREND_HOLD_EXIT_BONUS"": 0.55, ""TREND_IMBALANCE_THRESHOLD"": 0.12, ""TREND_PASSIVE_PUSH"": 0.0, ""TREND_PASSIVE_SIZE_BONUS"": 2.0, ""TREND_QUOTE_LIFT_EXTRA"": 1.0, ""TREND_RESERVATION_BIAS"": 0.04, ""TREND_SELL_HOLD_EXTRA"": 0.28, ""VOL_CONTROL_WINDOW"": 8}"
plateau_random_022,random,14047.0,7403.0,6644.0,726,"{""ALPHA_EDGE_SCALE"": 1.08, ""ALPHA_IMBALANCE_SCALE"": 1.16, ""ALPHA_THRESHOLD_SCALE"": 1.0, ""BASE_QUOTE_EDGE"": 2.6, ""BASE_TAKE_EDGE"": 1.2, ""FIT_THRESHOLD"": 0.45, ""GAMMA_RANGE"": 0.34, ""GAMMA_TREND"": 0.1, ""GAMMA_VOLATILE"": 0.4, ""HISTORY_WEIGHT"": 0.25, ""HOLD_TIME_COEF"": 0.08, ""HOLD_VOL_COEF"": 0.0, ""IMBALANCE_WEIGHT"": 0.35, ""INVENTORY_SKEW"": 0.035, ""MAX_QUOTE_EDGE"": 5.0, ""MAX_TAKE_SIZE"": 10, ""MICRO_WEIGHT"": 0.3, ""MID_WEIGHT"": 0.25, ""PASSIVE_SIZE"": 8, ""POSITION_BIAS_DIVISOR"": 12.0, ""RANGE_RESERVATION_BIAS"": 0.2, ""REGRESSION_HORIZON"": 2.0, ""REGRESSION_WEIGHT"": 0.2, ""REGRESSION_WINDOW"": 8, ""RESERVATION_SCALE"": 0.16, ""RESIDUAL_REVERT_WEIGHT"": 0.12, ""SOFT_LIMIT_RATIO"": 0.65, ""SPREAD_INV_COEF"": 0.34, ""SPREAD_TIME_COEF"": 0.82, ""SPREAD_VOL_COEF"": 0.76, ""STRONG_TREND_EDGE"": 2.5, ""STRONG_TREND_HOLD_EXIT_BONUS"": 0.9, ""TIME_HORIZON_TICKS"": 10000.0, ""TOXIC_SPREAD_THRESHOLD"": 15.0, ""TOXIC_VOLATILITY_THRESHOLD"": 3.2, ""TREND_BUY_TAKE_EXTRA"": 0.04, ""TREND_EDGE_THRESHOLD"": 1.0, ""TREND_ENTRY_TAKE_BONUS"": 3.0, ""TREND_FAIR_BONUS"": 0.25, ""TREND_HOLD_EXIT_BONUS"": 0.55, ""TREND_IMBALANCE_THRESHOLD"": 0.12, ""TREND_PASSIVE_PUSH"": 0.0, ""TREND_PASSIVE_SIZE_BONUS"": 2.0, ""TREND_QUOTE_LIFT_EXTRA"": 1.0, ""TREND_RESERVATION_BIAS"": 0.02, ""TREND_SELL_HOLD_EXTRA"": 0.2, ""VOL_CONTROL_WINDOW"": 8}"
plateau_random_079,random,13967.0,7403.0,6564.0,726,"{""ALPHA_EDGE_SCALE"": 1.08, ""ALPHA_IMBALANCE_SCALE"": 1.12, ""ALPHA_THRESHOLD_SCALE"": 1.06, ""BASE_QUOTE_EDGE"": 2.75, ""BASE_TAKE_EDGE"": 1.25, ""FIT_THRESHOLD"": 0.45, ""GAMMA_RANGE"": 0.34, ""GAMMA_TREND"": 0.1, ""GAMMA_VOLATILE"": 0.4, ""HISTORY_WEIGHT"": 0.25, ""HOLD_TIME_COEF"": 0.12, ""HOLD_VOL_COEF"": 0.0, ""IMBALANCE_WEIGHT"": 0.35, ""INVENTORY_SKEW"": 0.035, ""MAX_QUOTE_EDGE"": 5.0, ""MAX_TAKE_SIZE"": 10, ""MICRO_WEIGHT"": 0.3, ""MID_WEIGHT"": 0.25, ""PASSIVE_SIZE"": 8, ""POSITION_BIAS_DIVISOR"": 12.0, ""RANGE_RESERVATION_BIAS"": 0.24, ""REGRESSION_HORIZON"": 2.0, ""REGRESSION_WEIGHT"": 0.2, ""REGRESSION_WINDOW"": 8, ""RESERVATION_SCALE"": 0.12, ""RESIDUAL_REVERT_WEIGHT"": 0.12, ""SOFT_LIMIT_RATIO"": 0.65, ""SPREAD_INV_COEF"": 0.42, ""SPREAD_TIME_COEF"": 0.9, ""SPREAD_VOL_COEF"": 1.0, ""STRONG_TREND_EDGE"": 2.5, ""STRONG_TREND_HOLD_EXIT_BONUS"": 0.9, ""TIME_HORIZON_TICKS"": 10000.0, ""TOXIC_SPREAD_THRESHOLD"": 15.0, ""TOXIC_VOLATILITY_THRESHOLD"": 3.2, ""TREND_BUY_TAKE_EXTRA"": 0.04, ""TREND_EDGE_THRESHOLD"": 1.0, ""TREND_ENTRY_TAKE_BONUS"": 3.0, ""TREND_FAIR_BONUS"": 0.25, ""TREND_HOLD_EXIT_BONUS"": 0.55, ""TREND_IMBALANCE_THRESHOLD"": 0.12, ""TREND_PASSIVE_PUSH"": 0.0, ""TREND_PASSIVE_SIZE_BONUS"": 2.0, ""TREND_QUOTE_LIFT_EXTRA"": 0.0, ""TREND_RESERVATION_BIAS"": 0.02, ""TREND_SELL_HOLD_EXTRA"": 0.32, ""VOL_CONTROL_WINDOW"": 8}"
plateau_random_080,random,13913.0,7403.0,6510.0,723,"{""ALPHA_EDGE_SCALE"": 1.04, ""ALPHA_IMBALANCE_SCALE"": 1.24, ""ALPHA_THRESHOLD_SCALE"": 1.0, ""BASE_QUOTE_EDGE"": 2.75, ""BASE_TAKE_EDGE"": 1.3, ""FIT_THRESHOLD"": 0.45, ""GAMMA_RANGE"": 0.34, ""GAMMA_TREND"": 0.1, ""GAMMA_VOLATILE"": 0.4, ""HISTORY_WEIGHT"": 0.25, ""HOLD_TIME_COEF"": 0.08, ""HOLD_VOL_COEF"": 0.0, ""IMBALANCE_WEIGHT"": 0.35, ""INVENTORY_SKEW"": 0.035, ""MAX_QUOTE_EDGE"": 5.0, ""MAX_TAKE_SIZE"": 10, ""MICRO_WEIGHT"": 0.3, ""MID_WEIGHT"": 0.25, ""PASSIVE_SIZE"": 8, ""POSITION_BIAS_DIVISOR"": 12.0, ""RANGE_RESERVATION_BIAS"": 0.24, ""REGRESSION_HORIZON"": 2.0, ""REGRESSION_WEIGHT"": 0.2, ""REGRESSION_WINDOW"": 8, ""RESERVATION_SCALE"": 0.14, ""RESIDUAL_REVERT_WEIGHT"": 0.12, ""SOFT_LIMIT_RATIO"": 0.65, ""SPREAD_INV_COEF"": 0.34, ""SPREAD_TIME_COEF"": 0.98, ""SPREAD_VOL_COEF"": 0.84, ""STRONG_TREND_EDGE"": 2.5, ""STRONG_TREND_HOLD_EXIT_BONUS"": 0.9, ""TIME_HORIZON_TICKS"": 10000.0, ""TOXIC_SPREAD_THRESHOLD"": 15.0, ""TOXIC_VOLATILITY_THRESHOLD"": 3.2, ""TREND_BUY_TAKE_EXTRA"": 0.08, ""TREND_EDGE_THRESHOLD"": 1.0, ""TREND_ENTRY_TAKE_BONUS"": 3.0, ""TREND_FAIR_BONUS"": 0.25, ""TREND_HOLD_EXIT_BONUS"": 0.55, ""TREND_IMBALANCE_THRESHOLD"": 0.12, ""TREND_PASSIVE_PUSH"": 0.0, ""TREND_PASSIVE_SIZE_BONUS"": 2.0, ""TREND_QUOTE_LIFT_EXTRA"": 1.0, ""TREND_RESERVATION_BIAS"": 0.02, ""TREND_SELL_HOLD_EXTRA"": 0.28, ""VOL_CONTROL_WINDOW"": 8}"
plateau_random_078,random,13860.0,7403.0,6457.0,722,"{""ALPHA_EDGE_SCALE"": 1.08, ""ALPHA_IMBALANCE_SCALE"": 1.2, ""ALPHA_THRESHOLD_SCALE"": 1.06, ""BASE_QUOTE_EDGE"": 2.75, ""BASE_TAKE_EDGE"": 1.25, ""FIT_THRESHOLD"": 0.45, ""GAMMA_RANGE"": 0.34, ""GAMMA_TREND"": 0.1, ""GAMMA_VOLATILE"": 0.4, ""HISTORY_WEIGHT"": 0.25, ""HOLD_TIME_COEF"": 0.08, ""HOLD_VOL_COEF"": 0.0, ""IMBALANCE_WEIGHT"": 0.35, ""INVENTORY_SKEW"": 0.035, ""MAX_QUOTE_EDGE"": 5.0, ""MAX_TAKE_SIZE"": 10, ""MICRO_WEIGHT"": 0.3, ""MID_WEIGHT"": 0.25, ""PASSIVE_SIZE"": 8, ""POSITION_BIAS_DIVISOR"": 12.0, ""RANGE_RESERVATION_BIAS"": 0.24, ""REGRESSION_HORIZON"": 2.0, ""REGRESSION_WEIGHT"": 0.2, ""REGRESSION_WINDOW"": 8, ""RESERVATION_SCALE"": 0.12, ""RESIDUAL_REVERT_WEIGHT"": 0.12, ""SOFT_LIMIT_RATIO"": 0.65, ""SPREAD_INV_COEF"": 0.42, ""SPREAD_TIME_COEF"": 0.9, ""SPREAD_VOL_COEF"": 0.76, ""STRONG_TREND_EDGE"": 2.5, ""STRONG_TREND_HOLD_EXIT_BONUS"": 0.9, ""TIME_HORIZON_TICKS"": 10000.0, ""TOXIC_SPREAD_THRESHOLD"": 15.0, ""TOXIC_VOLATILITY_THRESHOLD"": 3.2, ""TREND_BUY_TAKE_EXTRA"": 0.04, ""TREND_EDGE_THRESHOLD"": 1.0, ""TREND_ENTRY_TAKE_BONUS"": 3.0, ""TREND_FAIR_BONUS"": 0.25, ""TREND_HOLD_EXIT_BONUS"": 0.55, ""TREND_IMBALANCE_THRESHOLD"": 0.12, ""TREND_PASSIVE_PUSH"": 0.0, ""TREND_PASSIVE_SIZE_BONUS"": 2.0, ""TREND_QUOTE_LIFT_EXTRA"": 0.0, ""TREND_RESERVATION_BIAS"": 0.02, ""TREND_SELL_HOLD_EXTRA"": 0.24, ""VOL_CONTROL_WINDOW"": 8}"
plateau_random_067,random,13849.0,7403.0,6446.0,722,"{""ALPHA_EDGE_SCALE"": 1.08, ""ALPHA_IMBALANCE_SCALE"": 1.16, ""ALPHA_THRESHOLD_SCALE"": 1.06, ""BASE_QUOTE_EDGE"": 2.7, ""BASE_TAKE_EDGE"": 1.3, ""FIT_THRESHOLD"": 0.45, ""GAMMA_RANGE"": 0.34, ""GAMMA_TREND"": 0.1, ""GAMMA_VOLATILE"": 0.4, ""HISTORY_WEIGHT"": 0.25, ""HOLD_TIME_COEF"": 0.12, ""HOLD_VOL_COEF"": 0.0, ""IMBALANCE_WEIGHT"": 0.35, ""INVENTORY_SKEW"": 0.035, ""MAX_QUOTE_EDGE"": 5.0, ""MAX_TAKE_SIZE"": 10, ""MICRO_WEIGHT"": 0.3, ""MID_WEIGHT"": 0.25, ""PASSIVE_SIZE"": 8, ""POSITION_BIAS_DIVISOR"": 12.0, ""RANGE_RESERVATION_BIAS"": 0.24, ""REGRESSION_HORIZON"": 2.0, ""REGRESSION_WEIGHT"": 0.2, ""REGRESSION_WINDOW"": 8, ""RESERVATION_SCALE"": 0.14, ""RESIDUAL_REVERT_WEIGHT"": 0.12, ""SOFT_LIMIT_RATIO"": 0.65, ""SPREAD_INV_COEF"": 0.38, ""SPREAD_TIME_COEF"": 0.98, ""SPREAD_VOL_COEF"": 1.0, ""STRONG_TREND_EDGE"": 2.5, ""STRONG_TREND_HOLD_EXIT_BONUS"": 0.9, ""TIME_HORIZON_TICKS"": 10000.0, ""TOXIC_SPREAD_THRESHOLD"": 15.0, ""TOXIC_VOLATILITY_THRESHOLD"": 3.2, ""TREND_BUY_TAKE_EXTRA"": 0.04, ""TREND_EDGE_THRESHOLD"": 1.0, ""TREND_ENTRY_TAKE_BONUS"": 3.0, ""TREND_FAIR_BONUS"": 0.25, ""TREND_HOLD_EXIT_BONUS"": 0.55, ""TREND_IMBALANCE_THRESHOLD"": 0.12, ""TREND_PASSIVE_PUSH"": 0.0, ""TREND_PASSIVE_SIZE_BONUS"": 2.0, ""TREND_QUOTE_LIFT_EXTRA"": 0.0, ""TREND_RESERVATION_BIAS"": 0.02, ""TREND_SELL_HOLD_EXTRA"": 0.28, ""VOL_CONTROL_WINDOW"": 8}"
plateau_random_030,random,13847.0,7403.0,6444.0,722,"{""ALPHA_EDGE_SCALE"": 1.1, ""ALPHA_IMBALANCE_SCALE"": 1.12, ""ALPHA_THRESHOLD_SCALE"": 1.0, ""BASE_QUOTE_EDGE"": 2.6, ""BASE_TAKE_EDGE"": 1.3, ""FIT_THRESHOLD"": 0.45, ""GAMMA_RANGE"": 0.34, ""GAMMA_TREND"": 0.1, ""GAMMA_VOLATILE"": 0.4, ""HISTORY_WEIGHT"": 0.25, ""HOLD_TIME_COEF"": 0.12, ""HOLD_VOL_COEF"": 0.0, ""IMBALANCE_WEIGHT"": 0.35, ""INVENTORY_SKEW"": 0.035, ""MAX_QUOTE_EDGE"": 5.0, ""MAX_TAKE_SIZE"": 10, ""MICRO_WEIGHT"": 0.3, ""MID_WEIGHT"": 0.25, ""PASSIVE_SIZE"": 8, ""POSITION_BIAS_DIVISOR"": 12.0, ""RANGE_RESERVATION_BIAS"": 0.24, ""REGRESSION_HORIZON"": 2.0, ""REGRESSION_WEIGHT"": 0.2, ""REGRESSION_WINDOW"": 8, ""RESERVATION_SCALE"": 0.14, ""RESIDUAL_REVERT_WEIGHT"": 0.12, ""SOFT_LIMIT_RATIO"": 0.65, ""SPREAD_INV_COEF"": 0.42, ""SPREAD_TIME_COEF"": 0.98, ""SPREAD_VOL_COEF"": 0.76, ""STRONG_TREND_EDGE"": 2.5, ""STRONG_TREND_HOLD_EXIT_BONUS"": 0.9, ""TIME_HORIZON_TICKS"": 10000.0, ""TOXIC_SPREAD_THRESHOLD"": 15.0, ""TOXIC_VOLATILITY_THRESHOLD"": 3.2, ""TREND_BUY_TAKE_EXTRA"": 0.12, ""TREND_EDGE_THRESHOLD"": 1.0, ""TREND_ENTRY_TAKE_BONUS"": 3.0, ""TREND_FAIR_BONUS"": 0.25, ""TREND_HOLD_EXIT_BONUS"": 0.55, ""TREND_IMBALANCE_THRESHOLD"": 0.12, ""TREND_PASSIVE_PUSH"": 0.0, ""TREND_PASSIVE_SIZE_BONUS"": 2.0, ""TREND_QUOTE_LIFT_EXTRA"": 1.0, ""TREND_RESERVATION_BIAS"": 0.06, ""TREND_SELL_HOLD_EXTRA"": 0.28, ""VOL_CONTROL_WINDOW"": 8}"
